text,label
ויאמר יהוה אל משה לאמר,1
ויהי כאשר פתר לנו כן היה אותי השיב על כני ואותו תלה,1
בראשית ברא אלהים את השמים ואת הארץ,1
שמע ישראל יהוה אלהינו יהוה אחד,1
ואהבת את יהוה אלהיך בכל לבבך ובכל נפשך ובכל מאודך,1
היום בחדשות - אדם זקן נצפה אוכל כריש,0
פעם אחת הלכנו ביער ואז קרה פיצוץ,0
דג סקרן שט לו בים זך פתאום פגש חבורה נחמדה ששטה כך,0
בראשית ברא אלהים את השמים ואת הארץ,1
והארץ היתה תהו ובהו וחשך על פני תהום ורוח אלהים מרחפת על פני המים,1
ויאמר אלהים יהי אור ויהי אור,1
וירא אלהים את האור כי טוב ויבדל אלהים בין האור ובין החשך,1
ויקרא אלהים לאור יום ולחשך קרא לילה ויהי ערב ויהי בקר יום אחד,1
ויאמר אלהים יהי רקיע בתוך המים ויהי מבדיל בין מים למים,1
ויעש אלהים את הרקיע ויבדל בין המים אשר מתחת לרקיע ובין המים אשר מעל לרקיע ויהי כן,1
ויקרא אלהים לרקיע שמים ויהי ערב ויהי בקר יום שני,1
ויאמר אלהים יקוו המים מתחת השמים אל מקום אחד ותראה היבשה ויהי כן,1
ויקרא אלהים ליבשה ארץ ולמקוה המים קרא ימים וירא אלהים כי טוב,1
ויאמר אלהים תדשא הארץ דשא עשב מזריע זרע עץ פרי עשה פרי למינו אשר זרעו בו על הארץ ויהי כן,1
ותוצא הארץ דשא עשב מזריע זרע למינהו ועץ עשה פרי אשר זרעו בו למינהו וירא אלהים כי טוב,1
ויהי ערב ויהי בקר יום שלישי,1
ויאמר אלהים יהי מארת ברקיע השמים להבדיל בין היום ובין הלילה והיו לאתת ולמועדים ולימים ושנים,1
והיו למאורת ברקיע השמים להאיר על הארץ ויהי כן,1
ויעש אלהים את שני המארת הגדלים את המאור הגדל לממשלת היום ואת המאור הקטן לממשלת הלילה ואת הכוכבים,1
ויתן אתם אלהים ברקיע השמים להאיר על הארץ,1
ולמשל ביום ובלילה ולהבדיל בין האור ובין החשך וירא אלהים כי טוב,1
ויהי ערב ויהי בקר יום רביעי,1
ויאמר אלהים ישרצו המים שרץ נפש חיה ועוף יעופף על הארץ על פני רקיע השמים,1
ויברא אלהים את התנינם הגדלים ואת כל נפש החיה הרמשת אשר שרצו המים למינהם ואת כל עוף כנף למינהו וירא אלהים כי טוב,1
ויברך אתם אלהים לאמר פרו ורבו ומלאו את המים בימים והעוף ירב בארץ,1
ויהי ערב ויהי בקר יום חמישי,1
ויאמר אלהים תוצא הארץ נפש חיה למינה בהמה ורמש וחיתו ארץ למינה ויהי כן,1
ויעש אלהים את חית הארץ למינה ואת הבהמה למינה ואת כל רמש האדמה למינהו וירא אלהים כי טוב,1
ויאמר אלהים נעשה אדם בצלמנו כדמותנו וירדו בדגת הים ובעוף השמים ובבהמה ובכל הארץ ובכל הרמש הרמש על הארץ,1
ויברא אלהים את האדם בצלמו בצלם אלהים ברא אתו זכר ונקבה ברא אתם,1
ויברך אתם אלהים ויאמר להם אלהים פרו ורבו ומלאו את הארץ וכבשה ורדו בדגת הים ובעוף השמים ובכל חיה הרמשת על הארץ,1
ויאמר אלהים הנה נתתי לכם את כל עשב זרע זרע אשר על פני כל הארץ ואת כל העץ אשר בו פרי עץ זרע זרע לכם יהיה לאכלה,1
ולכל חית הארץ ולכל עוף השמים ולכל רומש על הארץ אשר בו נפש חיה את כל ירק עשב לאכלה ויהי כן,1
וירא אלהים את כל אשר עשה והנה טוב מאד ויהי ערב ויהי בקר יום הששי,1
אחרי שישה ימים של נגיף קשה חלה שחר התעורר מהמכתב הרופא ורקם חיוכים,0
בית המשפט הכריע בעד זכויותיהן של העובדות והחליט כי הן צריכות לקבל פיצוי כספי,0
יש לי פתאום רצון גדול לאכול גלידה בטעם וניל וגרגירי שוקולד,0
הגעתי למופע התיאטרון והופתעתי מהעצמת השחקנים והמראה המרהיב של הבמה,0
האתר החדש עשה רעש וגרם לרוב הגולשים להיכנס ולבקר בו,0
בעידן המודרני כל אדם יכול להיות שגריר מועמד ברשותו להפקיד סיפור קטן ברשתות החברתיות,0
הקורונה השתנתה והגרסה החדשה פוגעת באנשים גם לאחר החיסון,0
התמונה שצילמתי עם החברים בים נהפכה לפוסט ויראלי שקיבל אלפי לייקים ושיתופים,0
התוצאות של הבחינה הגיעו והיו מעולות - יישר כוח!,0
תרגיל השחרור היה אתגרי ומעניין והוא למד אותי המון על עצמי,0
ביום שישי אני תמיד מתארגן לסדנה אמנותית עם החברות,0
אני מצפה לראות את הסרט החדש של הבמאי האהוב עליי,0
היום אני מתחיל את הפרויקט החדש שלי אני כל כך מתרגש!,0
הכותב המוערך שילם מחיר יקר על סדרת ספרי האפנתזמה שכתב,0
חברת הטכנולוגיה הידועה הוציאה לשוק מכשיר חדש ומהפכני,0
פתאום הים התחיל להתגבש והגלים הגבירו,0
בסוף היום נכנסתי למיטה והרגשתי שהיום עבר במהירות,0
אני לא רוצה להיות לבד אני מעדיף לחלוק את החיים עם מישהו יקר לי,0
הרופא שמטפל בי דואג ומתייעץ תמיד על ההתקדמות של הטיפול,0
אני אוהב ללכת לטיולים ביער ולשבת ליד הפנים הטהורים,0
יש לי הרגשה שהחיים מציעים לנו את הפתרונות שאנחנו מחפשים,0
העיר בה אני גר היא מלאה באופי ובפנטזיה,0
אני רוצה לשפר את היכולת שלי לדבר בצרפתית,0
החברה המתקדמת ממשיכה לחדש ולשפר את המוצרים שלה,0
אני אוהב לעשות מתמטיקה ולפתור חידות מעניינות,0
במסעדה החדשה שפתחה בשכונה התנסיתי במנה מיוחדת וטעימה,0
תחום העניין גיליתי את התעניינותי בספורט חדש שלא ניסיתי קודם,0
רגע לפני השקיעה צפיתי בנוף ההרים היפים והמרהיבים,0
בכל ביקור בעיר זו אני נהנה להתארח בבית המקסים,0
אני רוצה להתקדם בעבודה שלי ולהיות מוערך על הידע והכישורים שלי,0
אני נהנית מהרגעים שאני נשבת לצד החברים הטובים שלי,0
חלמתי לפתוח עסק משלי והיום אני מתקרב למימוש החלום,0
התרבות והאמנות מעניינות אותי ואני תמיד חוקר ומתעניין,0
בפעם הראשונה הצלחתי לכתוב סיפור מרגש ומעורר רגשות,0
המדע והמחקר מלמדים אותי להיות חדשני ולחשוב בצורה יצירתית,0
השיר ששמעתי אתמול באוזניים עדיין מרקם לי בראש,0
ביקור במסעדה היוקרתית זו חוויה מיוחדת שאני אוהב לחזור אליה,0
בחצי השנה האחרונה נסעתי לפחות שלוש פעמים לחו ל לחופשה מולקת,0
האומנות שלי היא ליצור מקום נעים ומזמין בבית באמצעות היכונות יפות וצבעוניות,0
אני נוהג יחד ללכת עם הכלב לפארק לטייל ולהתנשם אוויר טהור,0
הפרק האחרון בסדרת הטלוויזיה גרם לי להתרגש ולצמוח איתה,0
בבוקר אני אוהב לשתות קפה חם ולקרוא את העיתון,0
אני אוהב להקשיב למוזיקה ולשיר יחד עם האמנים האהובים עלי,0
אני מתעניין בטכנולוגיה ומבקר באתרי טכנולוגיה באינטרנט,0
אני נוהג להתאמן בחדר כושר כדי לשמור על גוף בריא וכושר גופני,0
אני אוהב לארח את החברים לארוחות מסודרות וטעימות בביתי,0
היום יום עובר במהירות אני צריך לקחת נשימה עמוקה ולהיותך,0
אני נהנה לעבוד בגינה ולגדל ירקות ופרחים,0
אני מתעניין במדעי המחשב וקוד ומתנסה בכתיבת אפליקציות משלי,0
ההופעה של הלהקה המוזיקלית הייתה מרהיבה ומסעירה והתקהלויות היו מלאות באנשים,0
וכפר אהרן על קרנתיו אחת בשנה מדם חטאת הכפרים אחת בשנה יכפר עליו לדרתיכם קדש קדשים הוא ליהוה,1
וידבר יהוה אל משה לאמר,1
כי תשא את ראש בני ישראל לפקדיהם ונתנו איש כפר נפשו ליהוה בפקד אתם ולא יהיה בהם נגף בפקד אתם,1
זה יתנו כל העבר על הפקדים מחצית השקל בשקל הקדש עשרים גרה השקל מחצית השקל תרומה ליהוה,1
כל העבר על הפקדים מבן עשרים שנה ומעלה יתן תרומת יהוה,1
העשיר לא ירבה והדל לא ימעיט ממחצית השקל לתת את תרומת יהוה לכפר על נפשתיכם,1
ולקחת את כסף הכפרים מאת בני ישראל ונתת אתו על עבדת אהל מועד והיה לבני ישראל לזכרון לפני יהוה לכפר על נפשתיכם,1
וידבר יהוה אל משה לאמר,1
ועשית כיור נחשת וכנו נחשת לרחצה ונתת אתו בין אהל מועד ובין המזבח ונתת שמה מים,1
ורחצו אהרן ובניו ממנו את ידיהם ואת רגליהם,1
בבאם אל אהל מועד ירחצו מים ולא ימתו או בגשתם אל המזבח לשרת להקטיר אשה ליהוה,1
ורחצו ידיהם ורגליהם ולא ימתו והיתה להם חק עולם לו ולזרעו לדרתם,1
וידבר יהוה אל משה לאמר,1
ואתה קח לך בשמים ראש מר דרור חמש מאות וקנמן בשם מחציתו חמשים ומאתים וקנה בשם חמשים ומאתים,1
וקדה חמש מאות בשקל הקדש ושמן זית הין,1
ועשית אתו שמן משחת קדש רקח מרקחת מעשה רקח שמן משחת קדש יהיה,1
ומשחת בו את אהל מועד ואת ארון העדת,1
ואת השלחן ואת כל כליו ואת המנרה ואת כליה ואת מזבח הקטרת,1
ואת מזבח העלה ואת כל כליו ואת הכיר ואת כנו,1
וקדשת אתם והיו קדש קדשים כל הנגע בהם יקדש,1
ואת אהרן ואת בניו תמשח וקדשת אתם לכהן לי,1
ואל בני ישראל תדבר לאמר שמן משחת קדש יהיה זה לי לדרתיכם,1
על בשר אדם לא ייסך ובמתכנתו לא תעשו כמהו קדש הוא קדש יהיה לכם,1
איש אשר ירקח כמהו ואשר יתן ממנו על זר ונכרת מעמיו  ויאמר יהוה אל משה קח לך סמים נטף ושחלת וחלבנה סמים ולבנה זכה בד בבד יהיה,1
ועשית אתה קטרת רקח מעשה רוקח ממלח טהור קדש,1
ושחקת ממנה הדק ונתתה ממנה לפני העדת באהל מועד אשר אועד לך שמה קדש קדשים תהיה לכם,1
והקטרת אשר תעשה במתכנתה לא תעשו לכם קדש תהיה לך ליהוה,1
איש אשר יעשה כמוה להריח בה ונכרת מעמיו,1
וידבר יהוה אל משה לאמר,1
ראה קראתי בשם בצלאל בן אורי בן חור למטה יהודה,1
ואמלא אתו רוח אלהים בחכמה ובתבונה ובדעת ובכל מלאכה,1
לחשב מחשבת לעשות בזהב ובכסף ובנחשת,1
ובחרשת אבן למלאת ובחרשת עץ לעשות בכל מלאכה,1
ואני הנה נתתי אתו את אהליאב בן אחיסמך למטה דן ובלב כל חכם לב נתתי חכמה ועשו את כל אשר צויתך,1
את אהל מועד ואת הארן לעדת ואת הכפרת אשר עליו ואת כל כלי האהל,1
ואת השלחן ואת כליו ואת המנרה הטהרה ואת כל כליה ואת מזבח הקטרת,1
ואת מזבח העלה ואת כל כליו ואת הכיור ואת כנו,1
ואת בגדי השרד ואת בגדי הקדש לאהרן הכהן ואת בגדי בניו לכהן,1
ואת שמן המשחה ואת קטרת הסמים לקדש ככל אשר צויתך יעשו,1
ויאמר יהוה אל משה לאמר,1
ואתה דבר אל בני ישראל לאמר אך את שבתתי תשמרו כי אות הוא ביני וביניכם לדרתיכם לדעת כי אני יהוה מקדשכם,1
ושמרתם את השבת כי קדש הוא לכם מחלליה מות יומת כי כל העשה בה מלאכה ונכרתה הנפש ההוא מקרב עמיה,1
ששת ימים יעשה מלאכה וביום השביעי שבת שבתון קדש ליהוה כל העשה מלאכה ביום השבת מות יומת,1
ושמרו בני ישראל את השבת לעשות את השבת לדרתם ברית עולם,1
ביני ובין בני ישראל אות הוא לעלם כי ששת ימים עשה יהוה את השמים ואת הארץ וביום השביעי שבת וינפש  ויתן אל משה ככלתו לדבר אתו בהר סיני שני לחת העדת לחת אבן כתבים באצבע אלהים,1
וירא העם כי בשש משה לרדת מן ההר ויקהל העם על אהרן ויאמרו אליו קום עשה לנו אלהים אשר ילכו לפנינו כי זה משה האיש אשר העלנו מארץ מצרים לא ידענו מה היה לו,1
ויאמר אלהם אהרן פרקו נזמי הזהב אשר באזני נשיכם בניכם ובנתיכם והביאו אלי,1
ויתפרקו כל העם את נזמי הזהב אשר באזניהם ויביאו אל אהרן,1
ויקח מידם ויצר אתו בחרט ויעשהו עגל מסכה ויאמרו אלה אלהיך ישראל אשר העלוך מארץ מצרים,1
וירא אהרן ויבן מזבח לפניו ויקרא אהרן ויאמר חג ליהוה מחר,1
וישכימו ממחרת ויעלו עלת ויגשו שלמים וישב העם לאכל ושתו ויקמו לצחק,1
וידבר יהוה אל משה לך רד כי שחת עמך אשר העלית מארץ מצרים,1
סרו מהר מן הדרך אשר צויתם עשו להם עגל מסכה וישתחוו לו ויזבחו לו ויאמרו אלה אלהיך ישראל אשר העלוך מארץ מצרים,1
ויאמר יהוה אל משה ראיתי את העם הזה והנה עם קשה ערף הוא,1
ועתה הניחה לי ויחר אפי בהם ואכלם ואעשה אותך לגוי גדול,1
ויחל משה את פני יהוה אלהיו ויאמר למה יהוה יחרה אפך בעמך אשר הוצאת מארץ מצרים בכח גדול וביד חזקה,1
למה יאמרו מצרים לאמר ברעה הוציאם להרג אתם בהרים ולכלתם מעל פני האדמה שוב מחרון אפך והנחם על הרעה לעמך,1
זכר לאברהם ליצחק ולישראל עבדיך אשר נשבעת להם בך ותדבר אלהם ארבה את זרעכם ככוכבי השמים וכל הארץ הזאת אשר אמרתי אתן לזרעכם ונחלו לעלם,1
וינחם יהוה על הרעה אשר דבר לעשות לעמו,1
ויפן וירד משה מן ההר ושני לחת העדת בידו לחת כתבים משני עבריהם מזה ומזה הם כתבים,1
והלחת מעשה אלהים המה והמכתב מכתב אלהים הוא חרות על הלחת,1
וישמע יהושע את קול העם ברעה ויאמר אל משה קול מלחמה במחנה,1
ויאמר אין קול ענות גבורה ואין קול ענות חלושה קול ענות אנכי שמע,1
ויהי כאשר קרב אל המחנה וירא את העגל ומחלת ויחר אף משה וישלך מידו [מידיו] את הלחת וישבר אתם תחת ההר,1
ויקח את העגל אשר עשו וישרף באש ויטחן עד אשר דק ויזר על פני המים וישק את בני ישראל,1
ויאמר משה אל אהרן מה עשה לך העם הזה כי הבאת עליו חטאה גדלה,1
ויאמר אהרן אל יחר אף אדני אתה ידעת את העם כי ברע הוא,1
ויאמרו לי עשה לנו אלהים אשר ילכו לפנינו כי זה משה האיש אשר העלנו מארץ מצרים לא ידענו מה היה לו,1
ואמר להם למי זהב התפרקו ויתנו לי ואשלכהו באש ויצא העגל הזה,1
וירא משה את העם כי פרע הוא כי פרעה אהרן לשמצה בקמיהם,1
ויעמד משה בשער המחנה ויאמר מי ליהוה אלי ויאספו אליו כל בני לוי,1
ויאמר להם כה אמר יהוה אלהי ישראל שימו איש חרבו על ירכו עברו ושובו משער לשער במחנה והרגו איש את אחיו ואיש את רעהו ואיש את קרבו,1
ויעשו בני לוי כדבר משה ויפל מן העם ביום ההוא כשלשת אלפי איש,1
ויאמר משה מלאו ידכם היום ליהוה כי איש בבנו ובאחיו ולתת עליכם היום ברכה,1
ויהי ממחרת ויאמר משה אל העם אתם חטאתם חטאה גדלה ועתה אעלה אל יהוה אולי אכפרה בעד חטאתכם,1
וישב משה אל יהוה ויאמר אנא חטא העם הזה חטאה גדלה ויעשו להם אלהי זהב,1
ועתה אם תשא חטאתם ואם אין מחני נא מספרך אשר כתבת,1
ויאמר יהוה אל משה מי אשר חטא לי אמחנו מספרי,1
ועתה לך נחה את העם אל אשר דברתי לך הנה מלאכי ילך לפניך וביום פקדי ופקדתי עליהם חטאתם,1
ויגף יהוה את העם על אשר עשו את העגל אשר עשה אהרן,1
וידבר יהוה אל משה לך עלה מזה אתה והעם אשר העלית מארץ מצרים אל הארץ אשר נשבעתי לאברהם ליצחק וליעקב לאמר לזרעך אתננה,1
ושלחתי לפניך מלאך וגרשתי את הכנעני האמרי והחתי והפרזי החוי והיבוסי,1
אל ארץ זבת חלב ודבש כי לא אעלה בקרבך כי עם קשה ערף אתה פן אכלך בדרך,1
וישמע העם את הדבר הרע הזה ויתאבלו ולא שתו איש עדיו עליו,1
ויאמר יהוה אל משה אמר אל בני ישראל אתם עם קשה ערף רגע אחד אעלה בקרבך וכליתיך ועתה הורד עדיך מעליך ואדעה מה אעשה לך,1
ויתנצלו בני ישראל את עדים מהר חורב,1
ומשה יקח את האהל ונטה לו מחוץ למחנה הרחק מן המחנה וקרא לו אהל מועד והיה כל מבקש יהוה יצא אל אהל מועד אשר מחוץ למחנה,1
והיה כצאת משה אל האהל יקומו כל העם ונצבו איש פתח אהלו והביטו אחרי משה עד באו האהלה,1
והיה כבא משה האהלה ירד עמוד הענן ועמד פתח האהל ודבר עם משה,1
וראה כל העם את עמוד הענן עמד פתח האהל וקם כל העם והשתחוו איש פתח אהלו,1
ודבר יהוה אל משה פנים אל פנים כאשר ידבר איש אל רעהו ושב אל המחנה ומשרתו יהושע בן נון נער לא ימיש מתוך האהל  ויאמר משה אל יהוה ראה אתה אמר אלי העל את העם הזה ואתה לא הודעתני את אשר תשלח עמי ואתה אמרת ידעתיך בשם וגם מצאת חן בעיני,1
ועתה אם נא מצאתי חן בעיניך הודעני נא את דרכך ואדעך למען אמצא חן בעיניך וראה כי עמך הגוי הזה,1
ויאמר פני ילכו והנחתי לך,1
ויאמר אליו אם אין פניך הלכים אל תעלנו מזה,1
ובמה יודע אפוא כי מצאתי חן בעיניך אני ועמך הלוא בלכתך עמנו ונפלינו אני ועמך מכל העם אשר על פני האדמה,1
ויאמר יהוה אל משה גם את הדבר הזה אשר דברת אעשה כי מצאת חן בעיני ואדעך בשם,1
ויאמר הראני נא את כבדך,1
ויאמר אני אעביר כל טובי על פניך וקראתי בשם יהוה לפניך וחנתי את אשר אחן ורחמתי את אשר ארחם,1
ויאמר לא תוכל לראת את פני כי לא יראני האדם וחי,1
ויאמר יהוה הנה מקום אתי ונצבת על הצור,1
והיה בעבר כבדי ושמתיך בנקרת הצור ושכתי כפי עליך עד עברי,1
והסרתי את כפי וראית את אחרי ופני לא יראו,1
ויאמר יהוה אל משה פסל לך שני לחת אבנים כראשנים וכתבתי על הלחת את הדברים אשר היו על הלחת הראשנים אשר שברת,1
והיה נכון לבקר ועלית בבקר אל הר סיני ונצבת לי שם על ראש ההר,1
ואיש לא יעלה עמך וגם איש אל ירא בכל ההר גם הצאן והבקר אל ירעו אל מול ההר ההוא,1
ויפסל שני לחת אבנים כראשנים וישכם משה בבקר ויעל אל הר סיני כאשר צוה יהוה אתו ויקח בידו שני לחת אבנים,1
וירד יהוה בענן ויתיצב עמו שם ויקרא בשם יהוה,1
ויעבר יהוה על פניו ויקרא יהוה יהוה אל רחום וחנון ארך אפים ורב חסד ואמת,1
נצר חסד לאלפים נשא עון ופשע וחטאה ונקה לא ינקה פקד עון אבות על בנים ועל בני בנים על שלשים ועל רבעים,1
וימהר משה ויקד ארצה וישתחו,1
ויאמר אם נא מצאתי חן בעיניך אדני ילך נא אדני בקרבנו כי עם קשה ערף הוא וסלחת לעוננו ולחטאתנו ונחלתנו,1
ויאמר הנה אנכי כרת ברית נגד כל עמך אעשה נפלאת אשר לא נבראו בכל הארץ ובכל הגוים וראה כל העם אשר אתה בקרבו את מעשה יהוה כי נורא הוא אשר אני עשה עמך,1
שמר לך את אשר אנכי מצוך היום הנני גרש מפניך את האמרי והכנעני והחתי והפרזי והחוי והיבוסי,1
השמר לך פן תכרת ברית ליושב הארץ אשר אתה בא עליה פן יהיה למוקש בקרבך,1
כי את מזבחתם תתצון ואת מצבתם תשברון ואת אשריו תכרתון,1
כי לא תשתחוה לאל אחר כי יהוה קנא שמו אל קנא הוא,1
פן תכרת ברית ליושב הארץ וזנו אחרי אלהיהם וזבחו לאלהיהם וקרא לך ואכלת מזבחו,1
ולקחת מבנתיו לבניך וזנו בנתיו אחרי אלהיהן והזנו את בניך אחרי אלהיהן,1
אלהי מסכה לא תעשה לך,1
את חג המצות תשמר שבעת ימים תאכל מצות אשר צויתך למועד חדש האביב כי בחדש האביב יצאת ממצרים,1
כל פטר רחם לי וכל מקנך תזכר פטר שור ושה,1
ופטר חמור תפדה בשה ואם לא תפדה וערפתו כל בכור בניך תפדה ולא יראו פני ריקם,1
ששת ימים תעבד וביום השביעי תשבת בחריש ובקציר תשבת,1
וחג שבעת תעשה לך בכורי קציר חטים וחג האסיף תקופת השנה,1
שלש פעמים בשנה יראה כל זכורך את פני האדן יהוה אלהי ישראל,1
כי אוריש גוים מפניך והרחבתי את גבולך ולא יחמד איש את ארצך בעלתך לראות את פני יהוה אלהיך שלש פעמים בשנה,1
לא תשחט על חמץ דם זבחי ולא ילין לבקר זבח חג הפסח,1
ראשית בכורי אדמתך תביא בית יהוה אלהיך לא תבשל גדי בחלב אמו,1
ויאמר יהוה אל משה כתב לך את הדברים האלה כי על פי הדברים האלה כרתי אתך ברית ואת ישראל,1
ויהי שם עם יהוה ארבעים יום וארבעים לילה לחם לא אכל ומים לא שתה ויכתב על הלחת את דברי הברית עשרת הדברים,1
ויהי ברדת משה מהר סיני ושני לחת העדת ביד משה ברדתו מן ההר ומשה לא ידע כי קרן עור פניו בדברו אתו,1
וירא אהרן וכל בני ישראל את משה והנה קרן עור פניו וייראו מגשת אליו,1
ויקרא אלהם משה וישבו אליו אהרן וכל הנשאים בעדה וידבר משה אלהם,1
ואחרי כן נגשו כל בני ישראל ויצום את כל אשר דבר יהוה אתו בהר סיני,1
ויכל משה מדבר אתם ויתן על פניו מסוה,1
ובבא משה לפני יהוה לדבר אתו יסיר את המסוה עד צאתו ויצא ודבר אל בני ישראל את אשר יצוה,1
וראו בני ישראל את פני משה כי קרן עור פני משה והשיב משה את המסוה על פניו עד באו לדבר אתו,1
ויקהל משה את כל עדת בני ישראל ויאמר אלהם אלה הדברים אשר צוה יהוה לעשת אתם,1
ששת ימים תעשה מלאכה וביום השביעי יהיה לכם קדש שבת שבתון ליהוה כל העשה בו מלאכה יומת,1
לא תבערו אש בכל משבתיכם ביום השבת,1
ויאמר משה אל כל עדת בני ישראל לאמר זה הדבר אשר צוה יהוה לאמר,1
קחו מאתכם תרומה ליהוה כל נדיב לבו יביאה את תרומת יהוה זהב וכסף ונחשת,1
ותכלת וארגמן ותולעת שני ושש ועזים,1
וערת אילם מאדמים וערת תחשים ועצי שטים,1
ושמן למאור ובשמים לשמן המשחה ולקטרת הסמים,1
ואבני שהם ואבני מלאים לאפוד ולחשן,1
וכל חכם לב בכם יבאו ויעשו את כל אשר צוה יהוה,1
את המשכן את אהלו ואת מכסהו את קרסיו ואת קרשיו את בריחו את עמדיו ואת אדניו,1
את הארן ואת בדיו את הכפרת ואת פרכת המסך,1
את השלחן ואת בדיו ואת כל כליו ואת לחם הפנים,1
ואת מנרת המאור ואת כליה ואת נרתיה ואת שמן המאור,1
ואת מזבח הקטרת ואת בדיו ואת שמן המשחה ואת קטרת הסמים ואת מסך הפתח לפתח המשכן,1
את מזבח העלה ואת מכבר הנחשת אשר לו את בדיו ואת כל כליו את הכיר ואת כנו,1
את קלעי החצר את עמדיו ואת אדניה ואת מסך שער החצר,1
את יתדת המשכן ואת יתדת החצר ואת מיתריהם,1
את בגדי השרד לשרת בקדש את בגדי הקדש לאהרן הכהן ואת בגדי בניו לכהן,1
ויצאו כל עדת בני ישראל מלפני משה,1
ויבאו כל איש אשר נשאו לבו וכל אשר נדבה רוחו אתו הביאו את תרומת יהוה למלאכת אהל מועד ולכל עבדתו ולבגדי הקדש,1
ויבאו האנשים על הנשים כל נדיב לב הביאו חח ונזם וטבעת וכומז כל כלי זהב וכל איש אשר הניף תנופת זהב ליהוה,1
וכל איש אשר נמצא אתו תכלת וארגמן ותולעת שני ושש ועזים וערת אילם מאדמים וערת תחשים הביאו,1
כל מרים תרומת כסף ונחשת הביאו את תרומת יהוה וכל אשר נמצא אתו עצי שטים לכל מלאכת העבדה הביאו,1
וכל אשה חכמת לב בידיה טוו ויביאו מטוה את התכלת ואת הארגמן את תולעת השני ואת השש,1
וכל הנשים אשר נשא לבן אתנה בחכמה טוו את העזים,1
והנשאם הביאו את אבני השהם ואת אבני המלאים לאפוד ולחשן,1
ואת הבשם ואת השמן למאור ולשמן המשחה ולקטרת הסמים,1
כל איש ואשה אשר נדב לבם אתם להביא לכל המלאכה אשר צוה יהוה לעשות ביד משה הביאו בני ישראל נדבה ליהוה,1
ויאמר משה אל בני ישראל ראו קרא יהוה בשם בצלאל בן אורי בן חור למטה יהודה,1
וימלא אתו רוח אלהים בחכמה בתבונה ובדעת ובכל מלאכה,1
ולחשב מחשבת לעשת בזהב ובכסף ובנחשת,1
ובחרשת אבן למלאת ובחרשת עץ לעשות בכל מלאכת מחשבת,1
ולהורת נתן בלבו הוא ואהליאב בן אחיסמך למטה דן,1
מלא אתם חכמת לב לעשות כל מלאכת חרש וחשב ורקם בתכלת ובארגמן בתולעת השני ובשש וארג עשי כל מלאכה וחשבי מחשבת,1
ועשה בצלאל ואהליאב וכל איש חכם לב אשר נתן יהוה חכמה ותבונה בהמה לדעת לעשת את כל מלאכת עבדת הקדש לכל אשר צוה יהוה,1
ויקרא משה אל בצלאל ואל אהליאב ואל כל איש חכם לב אשר נתן יהוה חכמה בלבו כל אשר נשאו לבו לקרבה אל המלאכה לעשת אתה,1
ויקחו מלפני משה את כל התרומה אשר הביאו בני ישראל למלאכת עבדת הקדש לעשת אתה והם הביאו אליו עוד נדבה בבקר בבקר,1
ויבאו כל החכמים העשים את כל מלאכת הקדש איש איש ממלאכתו אשר המה עשים,1
ויאמרו אל משה לאמר מרבים העם להביא מדי העבדה למלאכה אשר צוה יהוה לעשת אתה,1
ויצו משה ויעבירו קול במחנה לאמר איש ואשה אל יעשו עוד מלאכה לתרומת הקדש ויכלא העם מהביא,1
בהגה משטרית צבעונית של פרחים מקסים משדכם בגינה הייתה מרהיב,0
ואחרי ששטפתי את פני במים הקרים פתאום הרגשתי מנחמה ושקט,0
ובהופעה האחרונה של האמן המוערך הוא הופתע באור מצויין מהתגובות החיוביות של הקהל,0
השמש יצאה לאט מאחורי ההר והוא ישב בשקט ונהג באופנה הקסום,0
איזה תחושה מרגשת לראות את העין המקודשת ולהתאפק מלהבטיח את המים הנזורים,0
בשירת העופרת שלי אני מבטא את הרגשות העמוקים ביותר בלבי,0
האם תוכל לעזור לי למצוא את האיברון שלי?,0
בתרבות עברית הישנה מצויים הקשיים הפילולוגיים והמשמעותיים,0
מה עלי לעשות כדי להגיע ליעד הרצוי שלי?,0
על פי הספר הזה נכתבו דרכי המטייל,0
הרי הקופים כוללים בתוכם את חמש הפחמים,0
האדם מקבל בראש השנה את העומדים בשופר,0
כמה קומקומים חסרי פנים מופיעים בתמונה?,0
מהו הכלל הראשי המקנה את הציונים?,0
האם תקבל את האתגר המולקתי שלי?,0
האם יש לך רעיון חדש למשחק תפקידים?,0
האם יש לך רעיון למשהו מיוחד לעשות בסופ ש הקרוב?,0
איזה סיפור מרתק אתך במיוחד?,0
השאלה הזו מדהימה אותי ביופי ופשטותה,0
בדקנו את הפרמטרים והשוונו ביניהם,0
ובכל פעם שאני מסתכל על הציפורים באורנית הם נראים כאילו הם מתרקמים לביצים,0
וכשאני בספריית הבית יש לי תחושה חמימה וקסומה ביותר,0
האם תוכל לספק לי את הפתרון הזה עד סוף היום?,0
השאלה הזו תמיד כיף לתת לה,0
וכל פעם שאני נוסע לארוחת ערב אני מחכה למנה העיקרית עם תיקיות,0
האם תוכל לתת לי עצה למקרה החירום הזה?,0
תודה על השאלה המעניינת אני אתן עליה מחשבה טובה ואשיב לך,0
אני מאמין שבתודה יש כוח עצום ואני משתדל לומר תודה תמיד,0
כשאני נכנס לתיאטרון אני מרגיש את הכייף וההתרגשות על ההופעה,0
ואני מאמין שאני יכול להתמודד עם האתגרים המולקטים בפני,0
השירה הזו מלווה אותי בכל צעד ומעניקה לי השראה רבה,0
כשהייתי ילדה קטנה הייתי אוהבת לשחק בפאזלים,0
בכל בוקר אני מתעוררת ומכינה לי קפה חם,0
השמש זורחת מאחורי ההרים והעיר מתעוררת לחיים,0
אני מתרגשת לחגוג יומולדת במשפחה,0
הים מגיע עם גליו לחוף החול ומשאיר טבעת מוקפת חול בחוף,0
ברחובות הקטנים ניתן למצוא מסעדות ובתי קפה נעימים,0
אחרי יום ארוך בעבודה אני אוהב להירגע ולקרוא ספר טוב,0
האם תוכל להמליץ לי על מסעדה טובה בעיר?,0
השאלה הזו מעניינת ומאתגרת אותי,0
הסרט שראיתי באמצע השבוע היה מרתק ומרגש,0
אני אוהבת לצפות בטלוויזיה בערבים,0
המאמר שלך היה מעניין ומקיף,0
בפועל ההתנהלות היא לא כל כך פשוטה כמו שנראית,0
אני מתרגשת להתחיל ללמוד תואר שני בתחום שלי,0
התפקיד החדש שלי דורש התמדה וסבלנות,0
הפיתרון הזה יכול להיות קריטי להצלחת הפרויקט,0
אני רוצה להרגיש מוקפת בתשומת לב והערכה,0
האם תסכים לתת לי פידבק על הפרויקט?,0
בכל פעם שאני רואה את הנוף הזה אני מרגיש את השקט בנשמה,0
האם יש לך רעיון לאירוע מיוחד ומגניב?,0
אני רוצה להודות לך על המעצבים המופתיים,0
השיר הזה מלווה אותי בכל רגע ואני שר אותו בכל הזדמנות,0
אני חולמת להקים חברת ייעוץ משלי,0
האם תוכל להמליץ לי על ספר מעניין לקרוא?,0
האם תוכל לתת לי הכוונה לאיך להגיע למקום?,0
אני רוצה ללמוד עוד על התרבות היוונית העתיקה,0
איזה סרט תוכנית אתם לראות הסוף השבוע?,0
אני מתעניין במדעי המחשב וקוד ומתנסה בכתיבת אפליקציות משלי,0
בסוף היום אני אוהב לקחת דקה שקטה ולהתבודד בטבע,0
הסדרת הטלוויזיה האהובה עליי מלמדת ערכים חשובים ומרגשים,0
היום פגשתי ידיד ישן שלא ראיתי הרבה זמן והיה מרגש מאוד,0
הכוס החמה של תה בין הידיים שלי מרגיעה אותי תמיד,0
אני אוהב לקרוא ספרים מעניינים ומרתקים על העולם,0
התמונה שתצלמתי עם הטבע הפכה להיכנס לתחרות תמונות וזכתה בפרס,0
אני משתדל להיות איש חזק ועמיד גם במומנטים הקשים ביותר,0
כשאני נמצא בטבע אני מרגיש שהרוח הקרה מרעננת את הנשמה שלי,0
כשאני רואה ילדים שמחים ומתבדרים אני רואה את הקוסם הקטן בתוכם,0
היכולת לכתוב ולבטא את רעיונותי במילים היא משהו שאני אוהב לעשות,0
הפרסום של ספרי הקודש היה פרויקט ענק ומרתק שגרם לי להתרגש,0
בביקור בפארק המים השתתפתי בקטע של הורדות מטורף והיה חוויה עצומה,0
אני אוהב להתרגש ולגלות דברים חדשים בטבע בכל פעם מחדש,0
חלק מההיכרות שלי הגיע מהעבודה בפרויקטים ובצוותים דינמיים,0
הפעם האחרונה שצפיתי בסרט בקולנוע היה נהדר והיה לי כיף גדול,0
אני מאמין בעוצמת התחלופות והאנרגיות החיוביות שיכולות לשנות חיים,0
הבשורה הטובה שקיבלתי עם התוצאות גרמה לי להרגיש אושר עצום,0
הסדרת הספרים האהובה עליי מלמדת ערכים חשובים ומובנים,0
אני נהנה להתקשר ולהתחבר עם אנשים חדשים ומעניינים,0
תודה לספרים והמוסיקה הם הפכו להיות חלק חשוב מהחיים שלי,0
אני מנסה להיות חבר ותומך טוב לחברים שלי גם ברגעי ההצלחה וגם ברגעי האתגר,0
בהתרגשות ובפאשנט לקראת האירוע הגדול שלי אני מתקשר עם המשפחה והחברים,0
בביקור בחו ל גיליתי מסע וחוויה חדשה שגרמה לי לגדול ולהתפתח,0
אני מזהה ומעריך את היפה והמופלא בטבע ובקסמים שלו,0
בין שאני מתמקד במחקר ובידע בין שאני מקשיב לחלומותיי הנפש עמוקה ורחבה,0
הסדרה הטלוויזיה שאני צופה בה מלמדת אותי על העולם והאנשים בו,0
תרגול תרפיה מקצועית עם הפסיכולוגית שלי מרגיע ומעניין,0
המראה היוקרתי של המלון שאני מתארח בו מעניק לי תחושה של נופש מושלם,0
אני אוהב להיות יצירתי וליצור דברים חדשים בכל תחומי החיים,0
בפרק האחרון בסדרת הטלוויזיה חשפו תעלומה מרתקת שמעניינת אותי,0
בין שאני באמצע שיחה מעניינת בין שאני נותן עצה האזנה זה תרגול חשוב,0
בהקרנת הסרט החדש של הבמאי הכרזו על סרט חדש ומרגש שגרם לי לקפוץ על כסאי,0
התוצאות של המבחן עשויות לשנות את המסלול שלי בעתיד,0
אני אוהב להכין קונפיטורה ומרמלדות מפירות טריים ולהתפנק בהן בארוחות שלי,0
אני מאמין בכוח של הרצון והתמדה ואני מתעסק עם התקדמות אישית,0
היום קרה לי מזל וקיבלתי הזדמנות חד פעמית מדהימה,0
אני אוהב לחשוב על רעיונות חדשים ומרתקים שיוכלו לשפר את העולם,0
חשיבה חיובית ואופטימית עוזרת לי להתמודד עם רגעי האתגר בחיים,0
אני אוהב לצלם תמונות יפות ומיוחדות שמשקפות את העולם ממבטי,0
בעבודתי עם המחשב והתכנות אני מתרגש ומתעניין ביצירתיות,0
בסדרת הספרים המדעיים למדתי הרבה על היסטוריה ועל מדעים,0
כשאני מקבל מחמאות ופידבק חיובי על עבודתי אני מרגיש שזה משאיר חותם,0
במסעדה הקטנה ברחוב היפה היה לי ארוחה נהדרת שטעמתה נפלאה,0
אני נהנה לפגוש בכל יום אנשים חדשים ומעניינים שלא יצא לי להכיר,0
אני מנסה לשפר ולחזק את יכולותי ומוכנותי בתחומי העניין שלי,0
עם ההתמודדות עם רגעי האתגר אני לומד ומתפתח,0
אני אוהב לטייל ולבקר באתרי טיולים ייחודיים ומרהיבים,0
אני מאמין בכוח של האומץ וההתמדה ואני תמיד מחפש דרכים להתפתח ולגדל,0
בין שאני מתעמל בכושר בין שאני משתתף באירוע מיוחד הרוח והאנרגיות מרעננות אותי,0
בשטח טיול בטבע אני זוכה להתרגש מנופים כה יפים ומרגשים שלא ראיתי לפני,0
התוצאות המדהימות של המחקר מעידות על יכולת האנושית להתמודד עם אתגרים,0
הפעם הבאה שאשוב לפסטיבל המוזיקה אשמח להוזיק ולהתרגש מהמופעים,0
חלום שהתגשם זו הזדמנות שניתנת לנו לראות כמה יכולנו להתקדם,0
את הספר הזה קראו כבר מיליוני קוראים ברחבי העולם והוא כבר בראש המכירות,0
המקום הנפלא הזה יציע לך חוויה חד פעמית שלא תשכחי,0
בעזרת הטכנולוגיה החדשה הצלחתי לפתח אפליקציה מוצלחת שניתנת להורדה בחינם,0
במהלך הסדנה הובן החשיבות של יצירתיות ותהליכי חשיבה חדשים,0
השיר ששמעתי במועדון עשה רושם כל כך גדול עליי שאני לא יכול לשכוח אותו,0
ההתנדבות שאני עושה בעזרת חיל ההצלה מאפשרת לי לתרום לקהילה,0
סדרת הפודקאסטים מלמדת על נושאים מעניינים בצורה מרתקת וכובשת,0
בביקור במוזיאון האמנות התרשמתי מהיצירות המדהימות והפורה של האמנים,0
בסדנה האחרונה למדתי על טכניקות יצירתיות חדשות שלא ראיתי לפני,0
כשאני מקבל תגובות חיוביות על ההופעה שלי אני מרגיש את ההערכה של הקהל,0
בפגישה האחרונה הוצגו לי האפשרויות של תכניות העסקים החדשות,0
בביקור בגן החיות התרשמתי מהצפונות הנהדרים והחיות המרהיבות שהם בעלות,0
התופעה המעניינת שקרתה באזור מובילה להתעניינות רבה בקרב האנשים,0
בהשוואת התמחור של המוצרים נמצאה פער גדול בין המחירים,0
את הסדרה הזו ממליץ לראות בכל ימי החופש כדי להתרגש מההתרחשויות,0
הכנתי את המצגת המרתקת והמקצועית והשיגתי את ההצלחה שחלמתי עליה,0
בשיעור החדש של קורס הציור למדתי טכניקות חדשות שלא הכרתי מקודם,0
האירוע שאורגנתי עוזר לי לקדם את עסקי ולהרחיב את הרשת העסקית שלי,0
אני מאמין שבעזרת החכמה הצבאית והמנהיגות ניתן להתמודד עם האתגרים,0
במהלך הטיול בחו ל נהניתי מהחוויה הייחודית והמרהיבה באתרי התיירות,0
הסרט הזה הוא קטע ייחודי שאתה חייב לראות פעמים רבות,0
בהשתתפותי בתחרות המדעית למדתי על נושאים חדשים ומעניינים במדע,0
בעזרת ההתמדה והמקצועיות הצלחתי להשיג תוצאות מרשימות בתחרויות,0
בהתרגשות ובמרגש החתמתי על החוזה שיעזור לי לפתח את העסק,0
הפעם הבאה שאני בחו ל אני רוצה לטייל באזורים חדשים ומרהיבים,0
השיר המוצלח ששמעתי ברדיו נתן לי השראה גדולה לכתוב שיר משלי,0
בהקשר החדש של עבודתי אני לומד ומתפתח בתחומי החדשים,0
התוצאות המדהימות של המחקר מעידות על יכולת האנושית להתמודד עם האתגרים,0
החוויה המרהיבה בהקרנת הסרט נתנה לי רגש חזק של התרגשות ואהבה לקולנוע,0
הביקור באתר הארכיאולוגי הפתיע אותי והעשיר אותי בידע חדש,0
בפעם הבאה שאני מתכנן לשוטט ביער אני רוצה לגלות את הנופים המדהימים שלו,0
בביקור בחנויות מצאתי את המוצר המושלם שהצליח להרשים אותי במיוחד,0
הסרט החדש של הבמאי האהוב עלי הוא אירוע גדול במילים כמו בתמונות,0
בהתנדבות שלי באירגון הקהילתי אני רואה כמה אני משפיע על האנשים,0
בשיעור האחרון של הקורס המקצועי למדתי טכניקות חדשות שהן באמת מעניינות,0
בעזרת הכרטיס האשראי יש לי אפשרות להזמין מוצרים מהאינטרנט בקלות,0
במהלך ההתמודדות עם האתגרים אני מתפתח ומתחזק בכל יום,0
האירוע המרהיב שאירגנתי הצליח למשוך את תשומת לב הקהל,0
בהשוואת האופציות השונות מצאתי את הפתרון הכי יעיל ומרתק,0
ההופעה של הלהקה האהובה עלי נתנה לי חוויה של תרבות ומוזיקה,0
הפעם הבאה שאני יכול להיפגש עם חברים ולבלות עםם אני אשמח,0
במסע באזור כפר הנוער נתקלתי במקומות יפים ושונים שאינם ידועים לי,0
בהתרגשות פתחתי את המתנה וגיליתי מתנה מרהיבה ומופתית,0
אני נהנה להילחם באתגרים ולהשיג תוצאות מרשימות בתחרויות,0
בקרב אל הטבע הבר והמקסים נפלא לראות את החיות בטבען,0
בביקור בחנות נתקלתי במוצר שהפתיע אותי ואהבתי מאוד,0
האירוע החשוב הזה מהווה את ההתחלה של מסע חדש ומרתק,0
שמעו את הדבר הזה אשר דבר יהוה עליכם בני ישראל על כל המשפחה אשר העליתי מארץ מצרים לאמר,1
רק אתכם ידעתי מכל משפחות האדמה על כן אפקד עליכם את כל עונתיכם,1
הילכו שנים יחדו בלתי אם נועדו,1
הישאג אריה ביער וטרף אין לו היתן כפיר קולו ממענתו בלתי אם לכד,1
התפל צפור על פח הארץ ומוקש אין לה היעלה פח מן האדמה ולכוד לא ילכוד,1
אם יתקע שופר בעיר ועם לא יחרדו אם תהיה רעה בעיר ויהוה לא עשה,1
כי לא יעשה אדני יהוה דבר כי אם גלה סודו אל עבדיו הנביאים,1
אריה שאג מי לא יירא אדני יהוה דבר מי לא ינבא,1
השמיעו על ארמנות באשדוד ועל ארמנות בארץ מצרים ואמרו האספו על הרי שמרון וראו מהומת רבות בתוכה ועשוקים בקרבה,1
ולא ידעו עשות נכחה נאם יהוה האוצרים חמס ושד בארמנותיהם,1
לכן כה אמר אדני יהוה צר וסביב הארץ והורד ממך עזך ונבזו ארמנותיך,1
כה אמר יהוה כאשר יציל הרעה מפי הארי שתי כרעים או בדל אזן כן ינצלו בני ישראל הישבים בשמרון בפאת מטה ובדמשק ערש,1
שמעו והעידו בבית יעקב נאם אדני יהוה אלהי הצבאות,1
כי ביום פקדי פשעי ישראל עליו ופקדתי על מזבחות בית אל ונגדעו קרנות המזבח ונפלו לארץ,1
והכיתי בית החרף על בית הקיץ ואבדו בתי השן וספו בתים רבים נאם יהוה,1
שמעו הדבר הזה פרות הבשן אשר בהר שמרון העשקות דלים הרצצות אביונים האמרת לאדניהם הביאה ונשתה,1
נשבע אדני יהוה בקדשו כי הנה ימים באים עליכם ונשא אתכם בצנות ואחריתכן בסירות דוגה,1
ופרצים תצאנה אשה נגדה והשלכתנה ההרמונה נאם יהוה,1
באו בית אל ופשעו הגלגל הרבו לפשע והביאו לבקר זבחיכם לשלשת ימים מעשרתיכם,1
וקטר מחמץ תודה וקראו נדבות השמיעו כי כן אהבתם בני ישראל נאם אדני יהוה,1
וגם אני נתתי לכם נקיון שנים בכל עריכם וחסר לחם בכל מקומתיכם ולא שבתם עדי נאם יהוה,1
וגם אנכי מנעתי מכם את הגשם בעוד שלשה חדשים לקציר והמטרתי על עיר אחת ועל עיר אחת לא אמטיר חלקה אחת תמטר וחלקה אשר לא תמטיר עליה תיבש,1
ונעו שתים שלש ערים אל עיר אחת לשתות מים ולא ישבעו ולא שבתם עדי נאם יהוה,1
הכיתי אתכם בשדפון ובירקון הרבות גנותיכם וכרמיכם ותאניכם וזיתיכם יאכל הגזם ולא שבתם עדי נאם יהוה  שלחתי בכם דבר בדרך מצרים הרגתי בחרב בחוריכם עם שבי סוסיכם ואעלה באש מחניכם ובאפכם ולא שבתם עדי נאם יהוה,1
הפכתי בכם כמהפכת אלהים את סדם ואת עמרה ותהיו כאוד מצל משרפה ולא שבתם עדי נאם יהוה  לכן כה אעשה לך ישראל עקב כי זאת אעשה לך הכון לקראת אלהיך ישראל,1
כי הנה יוצר הרים וברא רוח ומגיד לאדם מה שחו עשה שחר עיפה ודרך על במתי ארץ יהוה אלהי צבאות שמו,1
שמעו את הדבר הזה אשר אנכי נשא עליכם קינה בית ישראל,1
מני אפרים שרשם בעמלק אחריך בנימין בעממיך מני מכיר ירדו מחקקים ומזבולן משכים בשבט ספר,1
ושרי ביששכר עם דברה ויששכר כן ברק בעמק שלח ברגליו בפלגות ראובן גדלים חקקי לב,1
למה ישבת בין המשפתים לשמע שרקות עדרים לפלגות ראובן גדולים חקרי לב,1
גלעד בעבר הירדן שכן ודן למה יגור אניות אשר ישב לחוף ימים ועל מפרציו ישכון,1
זבלון עם חרף נפשו למות ונפתלי על מרומי שדה,1
באו מלכים נלחמו אז נלחמו מלכי כנען בתענך על מי מגדו בצע כסף לא לקחו,1
מן שמים נלחמו הכוכבים ממסלותם נלחמו עם סיסרא,1
נחל קישון גרפם נחל קדומים נחל קישון תדרכי נפשי עז,1
אז הלמו עקבי סוס מדהרות דהרות אביריו,1
אורו מרוז אמר מלאך יהוה ארו ארור ישביה כי לא באו לעזרת יהוה לעזרת יהוה בגבורים,1
תברך מנשים יעל אשת חבר הקיני מנשים באהל תברך,1
מים שאל חלב נתנה בספל אדירים הקריבה חמאה,1
ידה ליתד תשלחנה וימינה להלמות עמלים והלמה סיסרא מחקה ראשו ומחצה וחלפה רקתו,1
בין רגליה כרע נפל שכב בין רגליה כרע נפל באשר כרע שם נפל שדוד,1
בעד החלון נשקפה ותיבב אם סיסרא בעד האשנב מדוע בשש רכבו לבוא מדוע אחרו פעמי מרכבותיו,1
חכמות שרותיה תענינה אף היא תשיב אמריה לה,1
הלא ימצאו יחלקו שלל רחם רחמתים לראש גבר שלל צבעים לסיסרא שלל צבעים רקמה צבע רקמתים לצוארי שלל,1
כן יאבדו כל אויביך יהוה ואהביו כצאת השמש בגברתו ותשקט הארץ ארבעים שנה,1
ויעשו בני ישראל הרע בעיני יהוה ויתנם יהוה ביד מדין שבע שנים,1
ותעז יד מדין על ישראל מפני מדין עשו להם בני ישראל את המנהרות אשר בהרים ואת המערות ואת המצדות,1
והיה אם זרע ישראל ועלה מדין ועמלק ובני קדם ועלו עליו,1
ויחנו עליהם וישחיתו את יבול הארץ עד בואך עזה ולא ישאירו מחיה בישראל ושה ושור וחמור,1
כי הם ומקניהם יעלו ואהליהם יבאו [ובאו] כדי ארבה לרב ולהם ולגמליהם אין מספר ויבאו בארץ לשחתה,1
וידל ישראל מאד מפני מדין ויזעקו בני ישראל אל יהוה,1
ויהי כי זעקו בני ישראל אל יהוה על אדות מדין,1
וישלח יהוה איש נביא אל בני ישראל ויאמר להם כה אמר יהוה אלהי ישראל אנכי העליתי אתכם ממצרים ואציא אתכם מבית עבדים,1
ואצל אתכם מיד מצרים ומיד כל לחציכם ואגרש אותם מפניכם ואתנה לכם את ארצם,1
ואמרה לכם אני יהוה אלהיכם לא תיראו את אלהי האמרי אשר אתם יושבים בארצם ולא שמעתם בקולי,1
ויבא מלאך יהוה וישב תחת האלה אשר בעפרה אשר ליואש אבי העזרי וגדעון בנו חבט חטים בגת להניס מפני מדין,1
וירא אליו מלאך יהוה ויאמר אליו יהוה עמך גבור החיל,1
ויאמר אליו גדעון בי אדני ויש יהוה עמנו ולמה מצאתנו כל זאת ואיה כל נפלאתיו אשר ספרו לנו אבותינו לאמר הלא ממצרים העלנו יהוה ועתה נטשנו יהוה ויתננו בכף מדין,1
ויפן אליו יהוה ויאמר לך בכחך זה והושעת את ישראל מכף מדין הלא שלחתיך,1
ויאמר אליו בי אדני במה אושיע את ישראל הנה אלפי הדל במנשה ואנכי הצעיר בבית אבי,1
ויאמר אליו יהוה כי אהיה עמך והכית את מדין כאיש אחד,1
ויאמר אליו אם נא מצאתי חן בעיניך ועשית לי אות שאתה מדבר עמי,1
אל נא תמש מזה עד באי אליך והצאתי את מנחתי והנחתי לפניך ויאמר אנכי אשב עד שובך,1
וגדעון בא ויעש גדי עזים ואיפת קמח מצות הבשר שם בסל והמרק שם בפרור ויוצא אליו אל תחת האלה ויגש  ויאמר אליו מלאך האלהים קח את הבשר ואת המצות והנח אל הסלע הלז ואת המרק שפוך ויעש כן,1
וישלח מלאך יהוה את קצה המשענת אשר בידו ויגע בבשר ובמצות ותעל האש מן הצור ותאכל את הבשר ואת המצות ומלאך יהוה הלך מעיניו,1
וירא גדעון כי מלאך יהוה הוא ויאמר גדעון אהה אדני יהוה כי על כן ראיתי מלאך יהוה פנים אל פנים  ויאמר לו יהוה שלום לך אל תירא לא תמות,1
ויבן שם גדעון מזבח ליהוה ויקרא לו יהוה שלום עד היום הזה עודנו בעפרת אבי העזרי,1
לא יאבה יהוה סלח לו כי אז יעשן אף יהוה וקנאתו באיש ההוא ורבצה בו כל האלה הכתובה בספר הזה ומחה יהוה את שמו מתחת השמים,1
והבדילו יהוה לרעה מכל שבטי ישראל ככל אלות הברית הכתובה בספר התורה הזה,1
ואמר הדור האחרון בניכם אשר יקומו מאחריכם והנכרי אשר יבא מארץ רחוקה וראו את מכות הארץ ההוא ואת תחלאיה אשר חלה יהוה בה,1
גפרית ומלח שרפה כל ארצה לא תזרע ולא תצמח ולא יעלה בה כל עשב כמהפכת סדם ועמרה אדמה וצביים [וצבוים] אשר הפך יהוה באפו ובחמתו,1
ואמרו כל הגוים על מה עשה יהוה ככה לארץ הזאת מה חרי האף הגדול הזה,1
ואמרו על אשר עזבו את ברית יהוה אלהי אבתם אשר כרת עמם בהוציאו אתם מארץ מצרים,1
וילכו ויעבדו אלהים אחרים וישתחוו להם אלהים אשר לא ידעום ולא חלק להם,1
ויחר אף יהוה בארץ ההוא להביא עליה את כל הקללה הכתובה בספר הזה,1
ויתשם יהוה מעל אדמתם באף ובחמה ובקצף גדול וישלכם אל ארץ אחרת כיום הזה,1
הנסתרת ליהוה אלהינו והנגלת לנו ולבנינו עד עולם לעשות את כל דברי התורה הזאת,1
והיה כי יבאו עליך כל הדברים האלה הברכה והקללה אשר נתתי לפניך והשבת אל לבבך בכל הגוים אשר הדיחך יהוה אלהיך שמה,1
ושבת עד יהוה אלהיך ושמעת בקלו ככל אשר אנכי מצוך היום אתה ובניך בכל לבבך ובכל נפשך,1
ושב יהוה אלהיך את שבותך ורחמך ושב וקבצך מכל העמים אשר הפיצך יהוה אלהיך שמה,1
אם יהיה נדחך בקצה השמים משם יקבצך יהוה אלהיך ומשם יקחך,1
והביאך יהוה אלהיך אל הארץ אשר ירשו אבתיך וירשתה והיטבך והרבך מאבתיך,1
ומל יהוה אלהיך את לבבך ואת לבב זרעך לאהבה את יהוה אלהיך בכל לבבך ובכל נפשך למען חייך,1
ונתן יהוה אלהיך את כל האלות האלה על איביך ועל שנאיך אשר רדפוך,1
ואתה תשוב ושמעת בקול יהוה ועשית את כל מצותיו אשר אנכי מצוך היום,1
והותירך יהוה אלהיך בכל מעשה ידך בפרי בטנך ובפרי בהמתך ובפרי אדמתך לטובה כי ישוב יהוה לשוש עליך לטוב כאשר שש על אבתיך,1
כי תשמע בקול יהוה אלהיך לשמר מצותיו וחקתיו הכתובה בספר התורה הזה כי תשוב אל יהוה אלהיך בכל לבבך ובכל נפשך,1
כי המצוה הזאת אשר אנכי מצוך היום לא נפלאת הוא ממך ולא רחקה הוא,1
לא בשמים הוא לאמר מי יעלה לנו השמימה ויקחה לנו וישמענו אתה ונעשנה,1
ולא מעבר לים הוא לאמר מי יעבר לנו אל עבר הים ויקחה לנו וישמענו אתה ונעשנה,1
כי קרוב אליך הדבר מאד בפיך ובלבבך לעשתו  ראה נתתי לפניך היום את החיים ואת הטוב ואת המות ואת הרע,1
אשר אנכי מצוך היום לאהבה את יהוה אלהיך ללכת בדרכיו ולשמר מצותיו וחקתיו ומשפטיו וחיית ורבית וברכך יהוה אלהיך בארץ אשר אתה בא שמה לרשתה,1
ואם יפנה לבבך ולא תשמע ונדחת והשתחוית לאלהים אחרים ועבדתם,1
הגדתי לכם היום כי אבד תאבדון לא תאריכן ימים על האדמה אשר אתה עבר את הירדן לבא שמה לרשתה,1
העידתי בכם היום את השמים ואת הארץ החיים והמות נתתי לפניך הברכה והקללה ובחרת בחיים למען תחיה אתה וזרעך,1
לאהבה את יהוה אלהיך לשמע בקלו ולדבקה בו כי הוא חייך וארך ימיך לשבת על האדמה אשר נשבע יהוה לאבתיך לאברהם ליצחק וליעקב לתת להם,1
וילך משה וידבר את הדברים האלה אל כל ישראל,1
ויאמר אלהם בן מאה ועשרים שנה אנכי היום לא אוכל עוד לצאת ולבוא ויהוה אמר אלי לא תעבר את הירדן הזה,1
יהוה אלהיך הוא עבר לפניך הוא ישמיד את הגוים האלה מלפניך וירשתם יהושע הוא עבר לפניך כאשר דבר יהוה,1
ועשה יהוה להם כאשר עשה לסיחון ולעוג מלכי האמרי ולארצם אשר השמיד אתם,1
ונתנם יהוה לפניכם ועשיתם להם ככל המצוה אשר צויתי אתכם,1
חזקו ואמצו אל תיראו ואל תערצו מפניהם כי יהוה אלהיך הוא ההלך עמך לא ירפך ולא יעזבך,1
ויקרא משה ליהושע ויאמר אליו לעיני כל ישראל חזק ואמץ כי אתה תבוא את העם הזה אל הארץ אשר נשבע יהוה לאבתם לתת להם ואתה תנחילנה אותם,1
ויהוה הוא ההלך לפניך הוא יהיה עמך לא ירפך ולא יעזבך לא תירא ולא תחת,1
ויכתב משה את התורה הזאת ויתנה אל הכהנים בני לוי הנשאים את ארון ברית יהוה ואל כל זקני ישראל,1
ויצו משה אותם לאמר מקץ שבע שנים במעד שנת השמטה בחג הסכות,1
בבוא כל ישראל לראות את פני יהוה אלהיך במקום אשר יבחר תקרא את התורה הזאת נגד כל ישראל באזניהם,1
הקהל את העם האנשים והנשים והטף וגרך אשר בשעריך למען ישמעו ולמען ילמדו ויראו את יהוה אלהיכם ושמרו לעשות את כל דברי התורה הזאת,1
ובניהם אשר לא ידעו ישמעו ולמדו ליראה את יהוה אלהיכם כל הימים אשר אתם חיים על האדמה אשר אתם עברים את הירדן שמה לרשתה,1
כי מה יותר לחכם מן הכסיל מה לעני יודע להלך נגד החיים,1
טוב מראה עינים מהלך נפש גם זה הבל ורעות רוח,1
מה שהיה כבר נקרא שמו ונודע אשר הוא אדם ולא יוכל לדין עם שהתקיף [שתקיף] ממנו,1
כי יש דברים הרבה מרבים הבל מה יתר לאדם,1
כי מי יודע מה טוב לאדם בחיים מספר ימי חיי הבלו ויעשם כצל אשר מי יגיד לאדם מה יהיה אחריו תחת השמש,1
טוב שם משמן טוב ויום המות מיום הולדו,1
טוב ללכת אל בית אבל מלכת אל בית משתה באשר הוא סוף כל האדם והחי יתן אל לבו,1
טוב כעס משחק כי ברע פנים ייטב לב,1
לב חכמים בבית אבל ולב כסילים בבית שמחה,1
טוב לשמע גערת חכם מאיש שמע שיר כסילים,1
כי כקול הסירים תחת הסיר כן שחק הכסיל וגם זה הבל,1
כי העשק יהולל חכם ויאבד את לב מתנה,1
טוב אחרית דבר מראשיתו טוב ארך רוח מגבה רוח,1
אל תבהל ברוחך לכעוס כי כעס בחיק כסילים ינוח,1
אל תאמר מה היה שהימים הראשנים היו טובים מאלה כי לא מחכמה שאלת על זה,1
ויאמר בעז לזקנים וכל העם עדים אתם היום כי קניתי את כל אשר לאלימלך ואת כל אשר לכליון ומחלון מיד נעמי,1
וגם את רות המאביה אשת מחלון קניתי לי לאשה להקים שם המת על נחלתו ולא יכרת שם המת מעם אחיו ומשער מקומו עדים אתם היום,1
ויאמרו כל העם אשר בשער והזקנים עדים יתן יהוה את האשה הבאה אל ביתך כרחל וכלאה אשר בנו שתיהם את בית ישראל ועשה חיל באפרתה וקרא שם בבית לחם,1
ויהי ביתך כבית פרץ אשר ילדה תמר ליהודה מן הזרע אשר יתן יהוה לך מן הנערה הזאת,1
ויקח בעז את רות ותהי לו לאשה ויבא אליה ויתן יהוה לה הריון ותלד בן,1
ותאמרנה הנשים אל נעמי ברוך יהוה אשר לא השבית לך גאל היום ויקרא שמו בישראל,1
והיה לך למשיב נפש ולכלכל את שיבתך כי כלתך א‍שר אהבתך ילדתו אשר היא טובה לך משבעה בנים,1
ותקח נעמי את הילד ותשתהו בחיקה ותהי לו לאמנת,1
ותקראנה לו השכנות שם לאמר ילד בן לנעמי ותקראנה שמו עובד הוא אבי ישי אבי דוד,1
ואשקלה על ידם כסף ככרים שש מאות וחמשים וכלי כסף מאה לככרים זהב מאה ככר,1
וכפרי זהב עשרים לאדרכנים אלף וכלי נחשת מצהב טובה שנים חמודת כזהב,1
ואמרה אלהם אתם קדש ליהוה והכלים קדש והכסף והזהב נדבה ליהוה אלהי אבתיכם,1
שקדו ושמרו עד תשקלו לפני שרי הכהנים והלוים ושרי האבות לישראל בירושלם הלשכות בית יהוה,1
וקבלו הכהנים והלוים משקל הכסף והזהב והכלים להביא לירושלם לבית אלהינו,1
ונסעה מנהר אהוא בשנים עשר לחדש הראשון ללכת ירושלם ויד אלהינו היתה עלינו ויצילנו מכף אויב ואורב על הדרך,1
ונבוא ירושלם ונשב שם ימים שלשה,1
וביום הרביעי נשקל הכסף והזהב והכלים בבית אלהינו על יד מרמות בן אוריה הכהן ועמו אלעזר בן פינחס ועמהם יוזבד בן ישוע ונועדיה בן בנוי הלוים,1
במספר במשקל לכל ויכתב כל המשקל בעת ההיא,1
הבאים מהשבי בני הגולה הקריבו עלות לאלהי ישראל פרים שנים עשר על כל ישראל אילים תשעים וששה כבשים שבעים ושבעה צפירי חטאת שנים עשר הכל עולה ליהוה,1
ויתנו את דתי המלך לאחשדרפני המלך ופחוות עבר הנהר ונשאו את העם ואת בית האלהים,1
וככלות אלה נגשו אלי השרים לאמר לא נבדלו העם ישראל והכהנים והלוים מעמי הארצות כתועבתיהם לכנעני החתי הפרזי היבוסי העמני המאבי המצרי והאמרי,1
כי נשאו מבנתיהם להם ולבניהם והתערבו זרע הקדש בעמי הארצות ויד השרים והסגנים היתה במעל הזה ראשונה  וכשמעי את הדבר הזה קרעתי את בגדי ומעילי ואמרטה משער ראשי וזקני ואשבה משומם,1
ואלי יאספו כל חרד בדברי אלהי ישראל על מעל הגולה ואני ישב משומם עד למנחת הערב,1
ובמנחת הערב קמתי מתעניתי ובקרעי בגדי ומעילי ואכרעה על ברכי ואפרשה כפי אל יהוה אלהי,1
ואמרה אלהי בשתי ונכלמתי להרים אלהי פני אליך כי עונתינו רבו למעלה ראש ואשמתנו גדלה עד לשמים,1
והכיתם כל עיר מבצר וכל עיר מבחור וכל עץ טוב תפילו וכל מעיני מים תסתמו וכל החלקה הטובה תכאבו באבנים,1
ויהי בבקר כעלות המנחה והנה מים באים מדרך אדום ותמלא הארץ את המים,1
וכל מואב שמעו כי עלו המלכים להלחם בם ויצעקו מכל חגר חגרה ומעלה ויעמדו על הגבול,1
וישכימו בבקר והשמש זרחה על המים ויראו מואב מנגד את המים אדמים כדם,1
ויאמרו דם זה החרב נחרבו המלכים ויכו איש את רעהו ועתה לשלל מואב,1
ויבאו אל מחנה ישראל ויקמו ישראל ויכו את מואב וינסו מפניהם ויבו [ויכו] בה והכות את מואב,1
והערים יהרסו וכל חלקה טובה ישליכו איש אבנו ומלאוה וכל מעין מים יסתמו וכל עץ טוב יפילו עד השאיר אבניה בקיר חרשת ויסבו הקלעים ויכוה,1
וירא מלך מואב כי חזק ממנו המלחמה ויקח אותו שבע מאות איש שלף חרב להבקיע אל מלך אדום ולא יכלו,1
ויקח את בנו הבכור אשר ימלך תחתיו ויעלהו עלה על החמה ויהי קצף גדול על ישראל ויסעו מעליו וישבו לארץ,1
ואשה אחת מנשי בני הנביאים צעקה אל אלישע לאמר עבדך אישי מת ואתה ידעת כי עבדך היה ירא את יהוה והנשה בא לקחת את שני ילדי לו לעבדים,1
ויאמר אליה אלישע מה אעשה לך הגידי לי מה יש לכי [לך] בבית ותאמר אין לשפחתך כל בבית כי אם אסוך שמן,1
ויאמר לכי שאלי לך כלים מן החוץ מאת כל שכנכי [שכניך] כלים רקים אל תמעיטי,1
ובאת וסגרת הדלת בעדך ובעד בניך ויצקת על כל הכלים האלה והמלא תסיעי,1
ותלך מאתו ותסגר הדלת בעדה ובעד בניה הם מגשים אליה והיא מיצקת [מוצקת],1
ויהי כמלאת הכלים ותאמר אל בנה הגישה אלי עוד כלי ויאמר אליה אין עוד כלי ויעמד השמן,1
ותבא ותגד לאיש האלהים ויאמר לכי מכרי את השמן ושלמי את נשיכי [נשיך] ואת בניכי [ובניך] תחיי בנותר,1
ויהי היום ויעבר אלישע אל שונם ושם אשה גדולה ותחזק בו לאכל לחם ויהי מדי עברו יסר שמה לאכל לחם,1
ותאמר אל אישה הנה נא ידעתי כי איש אלהים קדוש הוא עבר עלינו תמיד,1
נעשה נא עלית קיר קטנה ונשים לו שם מטה ושלחן וכסא ומנורה והיה בבאו אלינו יסור שמה,1
ויהי היום ויבא שמה ויסר אל העליה וישכב שמה,1
ויאמר אל גחזי נערו קרא לשונמית הזאת ויקרא לה ותעמד לפניו,1
ויאמר לו אמר נא אליה הנה חרדת אלינו את כל החרדה הזאת מה לעשות לך היש לדבר לך אל המלך או אל שר הצבא ותאמר בתוך עמי אנכי ישבת,1
ויאמר ומה לעשות לה ויאמר גיחזי אבל בן אין לה ואישה זקן,1
ויאמר קרא לה ויקרא לה ותעמד בפתח,1
ויאמר למועד הזה כעת חיה אתי [את] חבקת בן ותאמר אל אדני איש האלהים אל תכזב בשפחתך,1
ותהר האשה ותלד בן למועד הזה כעת חיה אשר דבר אליה אלישע,1
ויגדל הילד ויהי היום ויצא אל אביו אל הקצרים,1
ויאמר אל אביו ראשי ראשי ויאמר אל הנער שאהו אל אמו,1
וישאהו ויביאהו אל אמו וישב על ברכיה עד הצהרים וימת,1
ותעל ותשכבהו על מטת איש האלהים ותסגר בעדו ותצא,1
ותקרא אל אישה ותאמר שלחה נא לי אחד מן הנערים ואחת האתנות וארוצה עד איש האלהים ואשובה,1
ויאמר מדוע אתי [את] הלכתי [הלכת] אליו היום לא חדש ולא שבת ותאמר שלום,1
ותחבש האתון ותאמר אל נערה נהג ולך אל תעצר לי לרכב כי אם אמרתי לך,1
ותלך ותבוא אל איש האלהים אל הר הכרמל ויהי כראות איש האלהים אתה מנגד ויאמר אל גיחזי נערו הנה השונמית הלז,1
עתה רוץ נא לקראתה ואמר לה השלום לך השלום לאישך השלום לילד ותאמר שלום,1
ותבא אל איש האלהים אל ההר ותחזק ברגליו ויגש גיחזי להדפה ויאמר איש האלהים הרפה לה כי נפשה מרה לה ויהוה העלים ממני ולא הגיד לי,1
ותאמר השאלתי בן מאת אדני הלא אמרתי לא תשלה אתי,1
ויאמר לגיחזי חגר מתניך וקח משענתי בידך ולך כי תמצא איש לא תברכנו וכי יברכך איש לא תעננו ושמת משענתי על פני הנער,1
ותאמר אם הנער חי יהוה וחי נפשך אם אעזבך ויקם וילך אחריה,1
וגחזי עבר לפניהם וישם את המשענת על פני הנער ואין קול ואין קשב וישב לקראתו ויגד לו לאמר לא הקיץ הנער,1
ויבא אלישע הביתה והנה הנער מת משכב על מטתו,1
ויבא ויסגר הדלת בעד שניהם ויתפלל אל יהוה,1
ויעל וישכב על הילד וישם פיו על פיו ועיניו על עיניו וכפיו על כפו [כפיו] ויגהר עליו ויחם בשר הילד,1
וישב וילך בבית אחת הנה ואחת הנה ויעל ויגהר עליו ויזורר הנער עד שבע פעמים ויפקח הנער את עיניו,1
ויקרא אל גיחזי ויאמר קרא אל השנמית הזאת ויקראה ותבוא אליו ויאמר שאי בנך,1
ותבא ותפל על רגליו ותשתחו ארצה ותשא את בנה ותצא,1
ואלישע שב הגלגלה והרעב בארץ ובני הנביאים ישבים לפניו ויאמר לנערו שפת הסיר הגדולה ובשל נזיד לבני הנביאים,1
ויצא אחד אל השדה ללקט ארת וימצא גפן שדה וילקט ממנו פקעת שדה מלא בגדו ויבא ויפלח אל סיר הנזיד כי לא ידעו,1
ויצקו לאנשים לאכול ויהי כאכלם מהנזיד והמה צעקו ויאמרו מות בסיר איש האלהים ולא יכלו לאכל,1
ויאמר וקחו קמח וישלך אל הסיר ויאמר צק לעם ויאכלו ולא היה דבר רע בסיר  ואיש בא מבעל שלשה ויבא לאיש האלהים לחם בכורים עשרים לחם שערים וכרמל בצקלנו ויאמר תן לעם ויאכלו,1
ויאמר משרתו מה אתן זה לפני מאה איש ויאמר תן לעם ויאכלו כי כה אמר יהוה אכל והותר,1
ויתן לפניהם ויאכלו ויותרו כדבר יהוה,1
ונעמן שר צבא מלך ארם היה איש גדול לפני אדניו ונשא פנים כי בו נתן יהוה תשועה לארם והאיש היה גבור חיל מצרע,1
וארם יצאו גדודים וישבו מארץ ישראל נערה קטנה ותהי לפני אשת נעמן,1
ותאמר אל גברתה אחלי אדני לפני הנביא אשר בשמרון אז יאסף אתו מצרעתו,1
ויבא ויגד לאדניו לאמר כזאת וכזאת דברה הנערה אשר מארץ ישראל,1
ויאמר מלך ארם לך בא ואשלחה ספר אל מלך ישראל וילך ויקח בידו עשר ככרי כסף וששת אלפים זהב ועשר חליפות בגדים,1
ויבא הספר אל מלך ישראל לאמר ועתה כבוא הספר הזה אליך הנה שלחתי אליך את נעמן עבדי ואספתו מצרעתו,1
ויהי כקרא מלך ישראל את הספר ויקרע בגדיו ויאמר האלהים אני להמית ולהחיות כי זה שלח אלי לאסף איש מצרעתו כי אך דעו נא וראו כי מתאנה הוא לי,1
ויהי כשמע אלישע איש האלהים כי קרע מלך ישראל את בגדיו וישלח אל המלך לאמר למה קרעת בגדיך יבא נא אלי וידע כי יש נביא בישראל,1
ויבא נעמן בסוסו [בסוסיו] וברכבו ויעמד פתח הבית לאלישע,1
וישלח אליו אלישע מלאך לאמר הלוך ורחצת שבע פעמים בירדן וישב בשרך לך וטהר,1
ויקצף נעמן וילך ויאמר הנה אמרתי אלי יצא יצוא ועמד וקרא בשם יהוה אלהיו והניף ידו אל המקום ואסף המצרע,1
הלא טוב אבנה [אמנה] ופרפר נהרות דמשק מכל מימי ישראל הלא ארחץ בהם וטהרתי ויפן וילך בחמה,1
ויגשו עבדיו וידברו אליו ויאמרו אבי דבר גדול הנביא דבר אליך הלוא תעשה ואף כי אמר אליך רחץ וטהר,1
וירד ויטבל בירדן שבע פעמים כדבר איש האלהים וישב בשרו כבשר נער קטן ויטהר,1
וישב אל איש האלהים הוא וכל מחנהו ויבא ויעמד לפניו ויאמר הנה נא ידעתי כי אין אלהים בכל הארץ כי אם בישראל ועתה קח נא ברכה מאת עבדך,1
ויאמר חי יהוה אשר עמדתי לפניו אם אקח ויפצר בו לקחת וימאן,1
ויאמר נעמן ולא יתן נא לעבדך משא צמד פרדים אדמה כי לוא יעשה עוד עבדך עלה וזבח לאלהים אחרים כי אם ליהוה,1
לדבר הזה יסלח יהוה לעבדך בבוא אדני בית רמון להשתחות שמה והוא נשען על ידי והשתחויתי בית רמן בהשתחויתי בית רמן יסלח נא יהוה לעבדך בדבר הזה,1
ויאמר לו לך לשלום וילך מאתו כברת ארץ  ויאמר גיחזי נער אלישע איש האלהים הנה חשך אדני את נעמן הארמי הזה מקחת מידו את אשר הביא חי יהוה כי אם רצתי אחריו ולקחתי מאתו מאומה,1
וירדף גיחזי אחרי נעמן ויראה נעמן רץ אחריו ויפל מעל המרכבה לקראתו ויאמר השלום,1
ויאמר שלום אדני שלחני לאמר הנה עתה זה באו אלי שני נערים מהר אפרים מבני הנביאים תנה נא להם ככר כסף ושתי חלפות בגדים,1
ויאמר נעמן הואל קח ככרים ויפרץ בו ויצר ככרים כסף בשני חרטים ושתי חלפות בגדים ויתן אל שני נעריו וישאו לפניו,1
ויבא אל העפל ויקח מידם ויפקד בבית וישלח את האנשים וילכו,1
והוא בא ויעמד אל אדניו ויאמר אליו אלישע מאן [מאין] גחזי ויאמר לא הלך עבדך אנה ואנה,1
ויאמר אליו לא לבי הלך כאשר הפך איש מעל מרכבתו לקראתך העת לקחת את הכסף ולקחת בגדים וזיתים וכרמים וצאן ובקר ועבדים ושפחות,1
וצרעת נעמן תדבק בך ובזרעך לעולם ויצא מלפניו מצרע כשלג,1
ויאמרו בני הנביאים אל אלישע הנה נא המקום אשר אנחנו ישבים שם לפניך צר ממנו,1
נלכה נא עד הירדן ונקחה משם איש קורה אחת ונעשה לנו שם מקום לשבת שם ויאמר לכו,1
ויאמר האחד הואל נא ולך את עבדיך ויאמר אני אלך,1
וילך אתם ויבאו הירדנה ויגזרו העצים,1
ויהי האחד מפיל הקורה ואת הברזל נפל אל המים ויצעק ויאמר אהה אדני והוא שאול,1
ויאמר איש האלהים אנה נפל ויראהו את המקום ויקצב עץ וישלך שמה ויצף הברזל,1
ויאמר הרם לך וישלח ידו ויקחהו,1
ומלך ארם היה נלחם בישראל ויועץ אל עבדיו לאמר אל מקום פלני אלמני תחנתי,1
וישלח איש האלהים אל מלך ישראל לאמר השמר מעבר המקום הזה כי שם ארם נחתים,1
וישלח מלך ישראל אל המקום אשר אמר לו איש האלהים והזהירה [והזהירו] ונשמר שם לא אחת ולא שתים,1
ויסער לב מלך ארם על הדבר הזה ויקרא אל עבדיו ויאמר אליהם הלוא תגידו לי מי משלנו אל מלך ישראל,1
ויאמר אחד מעבדיו לוא אדני המלך כי אלישע הנביא אשר בישראל יגיד למלך ישראל את הדברים אשר תדבר בחדר משכבך,1
ויאמר לכו וראו איכה הוא ואשלח ואקחהו ויגד לו לאמר הנה בדתן,1
וישלח שמה סוסים ורכב וחיל כבד ויבאו לילה ויקפו על העיר,1
וישכם משרת איש האלהים לקום ויצא והנה חיל סובב את העיר וסוס ורכב ויאמר נערו אליו אהה אדני איכה נעשה,1
ויאמר אל תירא כי רבים אשר אתנו מאשר אותם,1
הסדרה החדשה של המתח המופלא מזרזת את הדמיון והסקרנות,0
בביקור בספריית העיר נמצאו לי כמה אפשרויות קריאה מרתקות,0
ההופעה החיה של הקומיקאי הוציאה לי צחוקים רבים ומרובים,0
אני חושב שהבריאות והשקט הנפשי הם כוחות גדולים של האדם,0
השקיעה המרהיבה באוקיינוס מוסרת תחושה של רוגע ושלווה,0
כשאני רואה עוגת שוקולד אני מתפתה לאכול אותה מיד,0
החברה הטובה והאווירה החמה במסעדה מזכירים לי אירועים כיפיים,0
התמונה המרהיבה שצלמתי בנופים יפים ביער הייתה מרתקת,0
הביצה שבשירות הקונדיטור הייתה טעימה במיוחד,0
כשאני מתעורר בבוקר אני נוהג לעשות תרגילי כושר קלים,0
הריח הנעים של פרחי הגפן מביא אותי לשפע של זכרונות,0
האקספרסים והרכבות המהירות מאפשרים לנו להגיע ליעדים במהירות,0
בהתאמה למזג האוויר אני בוחר בהליכה בטבע או בסרטונים ביו טיוב,0
כשאני רואה עוגת גבינה עם פטל אני נשבר בקלות,0
הקפה המעורר אותי בבוקר ומציע לי טעימה מעניינת ונעימה,0
החתול הצעיר והחמוד של השכנים מפריע לי להתרגש,0
כשהיום הוא רוחש וגשם חולף אני פשוט רוצה להישאר בבית,0
הדירה החדשה שהשכרתי מוארת וגדולה,0
כשהולך למסעדה אני אוהב להזמין את הסלט המרענן,0
החברים האמיצים שלי מצליחים לשמח אותי כל פעם מחדש,0
באירוע המרהיב של התיאטרון אני מתרגש ומתאהב בספקטקל,0
הבעלים הטוב של החנות מתחשק לי לפתוח עסק דומה,0
כשאני רואה את הכוכב השופע בשמיים אני מתרגש,0
הציור המרהיב שראיתי בגלריה מסביר איך היופי ניתן להפוך לאמנות,0
התפתחות הילדים החמודים של השכנים מרגשת אותי,0
כשאני רואה את הכלבים משחקים בגן העירוני אני מרגיש כמו בילדותי,0
השירות הנעים שקיבלתי בחנות הצליח לשפר לי את היום,0
כשאני רוכש בגדים חדשים אני מרגיש כמו מלך,0
החוף המרהיב של הים מהווה את המקום שלי להירגע ולנוח,0
התרבות הפעילה של העיר מציעה לי פעילויות מעניינות,0
כשאני רואה עננים צפים ויפים אני מרגיש שהכל אפשרי,0
הספר המרתק שקראתי עזר לי להתחשב בעולם מאוחר יותר,0
כשאני מבין את השירים המסתוריים אני מרגיש חכם,0
הדירה המרווחת שהתייחסו אליה בסדרת האופנה מעוררת קנאה,0
החברים הטובים שלי מביאים לי שמחה גדולה ואושר עצום,0
כשאני רואה חתולים משחקים בחצר אני מרגיש שכל העולם מחייך,0
הפוסטר המרהיב שצפיתי בו השאיר בי רושם עמוק,0
כשאני מתקשר למשפחה אני מרגיש בבית,0
הביקור בגן החיות המקומי מעניין ומרתק,0
כשאני רואה גשם ושמש חמים אני מרגיש שהיחסים תובנה,0
ההתפתחות של הקטנטנים של השכנים מעניינת אותי ומציעה לי תרבות חדשה,0
כשאני מתנהג בנחמדות ובהתנהגות לבבית אני מרגיש שאני חייב להיות אנג'ל,0
הטבע הנהדר של פארק העיר מזכיר לי שיש עולם מחוץ לעיר,0
כשאני רואה נסיכה בסרט אני מרגיש שאני יכול להיות מלך,0
החיוך של הילד החמוד של השכנים מרגש אותי ומביא לי שמחה,0
כשאני מאכלס את החתולים הקטנים של השכנים אני מרגיש שאני אוהב את החיות,0
האקספרסים המהירים שמונעים על פני הרצפה משאירים אותי פעור פה,0
כשאני מקשיב למוזיקה מרתקת אני מרגיש כאילו העולם סתם נעם פה,0
הכוח הפנימי המרתק של האדם מזכיר לי שכל חלומות יכולים להתממש,0
כשאני עושה מטייל בים הפתוח אני מרגיש קשוב פה ועין,0
בימי הסתיו כשהעלים כתמו בגוונים של כתום והרוח מתרחשת עם נשימת העצים הצהובה אני מאהב את הספסופים המוזהבים שפוזלים במסלולים נפלאים,0
עם תחילת חודש הקיץ כשהאור של השמש משדר כימיה חמה במזג האוויר אני מעדיף לשבת על חצר הבית משום שזו הנחת הרוח הכי נעימה ונהדרת שאני יכול לקבל,0
בבריכת השחיה הציבורית הקרובה לביתי הנוף היפה והטבע הקסום מעניקים לי תחושת שלווה ושלמות והשקט מאפשר לי להתרכז בעצמי ולהתחבר לטבע באופן ייחודי,0
במסע הארוך שבו ניסיתי למצוא את התשובות לשאלות הגדולות של החיים התברר לי שהמפתח לשלמות הוא הקישור בין התחושות הפנימיות ליכולותינו הפיזיות והנפשיות,0
בשפלת העמק הירוקה והיפה שבה עוברה הנהר הקטן והנעים אני מרגיש כאילו הזמן עוצר את פעמיו ואני נהנה מהנוף הטבעי והקסום הזה שמתאר את השקט והרגיעה שתוך כדי הסתערות הפנימיות בלבי,0
בבית הקפה הקטן והמרהיב בלב העיר נהניתי מאופציות רבות של קפה ועוגות והאווירה המיוחדת והאינטימית הציעה לי רגעי נחת והתרפתות מול הסיפורים של האנשים השוהים שם,0
במהלך השהות שלי בים התיכון הייתי זכור ליופיו ולקסמו האווירה הקסומה והכיף שהתפזר בכל פינה והפוסטקרים של הנופים המרהיבים עצרו אותי במקום והפכו את חוויית הנופש לתמונה מושלמת של הזיכרונות שאתקן בלבי לעד,0
כשאני בא בביקור למשפחתי בחו ל הקרבה לאנשי המשפחה והיכולת לשתף פעולה ולהיות חלק מהמשפחה מעניקים לי תחושה של בית נוחות ואהבה והזיכרונות מהשהות ישארו חיים איתי לנצח,0
בעת הביקור בפארק המים כשהייתי משחק עם הילדים במגלשות המרתקות והמיוחדות הרגשתי כמו ילד מחדש והאירוע הייחודי והמהנה עזר לי להתרפת ולנפק עלי כל הלחץ והמתח היומיומי,0
בחגיגות היומולדת המרהיבות שאירגנו לי התרגשתי מהפתעות החברים והמשפחה ומאווירת האהבה והשמחה ששטפה אותי והייתי מאושר בלתי תואר,0
ויען אליפז התימני ויאמר,1
הנסה דבר אליך תלאה ועצר במלין מי יוכל,1
הנה יסרת רבים וידים רפות תחזק,1
כושל יקימון מליך וברכים כרעות תאמץ,1
כי עתה תבוא אליך ותלא תגע עדיך ותבהל,1
הלא יראתך כסלתך תקותך ותם דרכיך,1
זכר נא מי הוא נקי אבד ואיפה ישרים נכחדו,1
כאשר ראיתי חרשי און וזרעי עמל יקצרהו,1
מנשמת אלוה יאבדו ומרוח אפו יכלו,1
שאגת אריה וקול שחל ושני כפירים נתעו,1
ליש אבד מבלי טרף ובני לביא יתפרדו,1
ואלי דבר יגנב ותקח אזני שמץ מנהו,1
בשעפים מחזינות לילה בנפל תרדמה על אנשים,1
פחד קראני ורעדה ורב עצמותי הפחיד,1
ורוח על פני יחלף תסמר שערת בשרי,1
יעמד ולא אכיר מראהו תמונה לנגד עיני דממה וקול אשמע,1
האנוש מאלוה יצדק אם מעשהו יטהר גבר,1
הן בעבדיו לא יאמין ובמלאכיו ישים תהלה,1
אף שכני בתי חמר אשר בעפר יסודם ידכאום לפני עש,1
מבקר לערב יכתו מבלי משים לנצח יאבדו,1
הלא נסע יתרם בם ימותו ולא בחכמה,1
קרא נא היש עונך ואל מי מקדשים תפנה,1
כי לאויל יהרג כעש ופתה תמית קנאה,1
אני ראיתי אויל משריש ואקוב נוהו פתאם,1
ירחקו בניו מישע וידכאו בשער ואין מציל,1
אשר קצירו רעב יאכל ואל מצנים יקחהו ושאף צמים חילם,1
כי לא יצא מעפר און ומאדמה לא יצמח עמל,1
כי אדם לעמל יולד ובני רשף יגביהו עוף,1
אולם אני אדרש אל אל ואל אלהים אשים דברתי,1
עשה גדלות ואין חקר נפלאות עד אין מספר,1
הנתן מטר על פני ארץ ושלח מים על פני חוצות,1
לשום שפלים למרום וקדרים שגבו ישע,1
מפר מחשבות ערומים ולא תעשינה ידיהם תושיה,1
לכד חכמים בערמם ועצת נפתלים נמהרה,1
יומם יפגשו חשך וכלילה ימששו בצהרים,1
וישע מחרב מפיהם ומיד חזק אביון,1
ותהי לדל תקוה ועלתה קפצה פיה,1
אם על המלך טוב יכתב לאבדם ועשרת אלפים ככר כסף אשקול על ידי עשי המלאכה להביא אל גנזי המלך,1
ויסר המלך את טבעתו מעל ידו ויתנה להמן בן המדתא האגגי צרר היהודים,1
ויאמר המלך להמן הכסף נתון לך והעם לעשות בו כטוב בעיניך,1
ויקראו ספרי המלך בחדש הראשון בשלושה עשר יום בו ויכתב ככל אשר צוה המן אל אחשדרפני המלך ואל הפחות אשר על מדינה ומדינה ואל שרי עם ועם מדינה ומדינה ככתבה ועם ועם כלשונו בשם המלך אחשורש נכתב ונחתם בטבעת המלך,1
ונשלוח ספרים ביד הרצים אל כל מדינות המלך להשמיד להרג ולאבד את כל היהודים מנער ועד זקן טף ונשים ביום אחד בשלושה עשר לחדש שנים עשר הוא חדש אדר ושללם לבוז,1
פתשגן הכתב להנתן דת בכל מדינה ומדינה גלוי לכל העמים להיות עתדים ליום הזה,1
הרצים יצאו דחופים בדבר המלך והדת נתנה בשושן הבירה והמלך והמן ישבו לשתות והעיר שושן נבוכה,1
ומרדכי ידע את כל אשר נעשה ויקרע מרדכי את בגדיו וילבש שק ואפר ויצא בתוך העיר ויזעק זעקה גדלה ומרה,1
ויבוא עד לפני שער המלך כי אין לבוא אל שער המלך בלבוש שק,1
ובכל מדינה ומדינה מקום אשר דבר המלך ודתו מגיע אבל גדול ליהודים וצום ובכי ומספד שק ואפר יצע לרבים,1
ותבואינה [ותבואנה] נערות אסתר וסריסיה ויגידו לה ותתחלחל המלכה מאד ותשלח בגדים להלביש את מרדכי ולהסיר שקו מעליו ולא קבל,1
ותקרא אסתר להתך מסריסי המלך אשר העמיד לפניה ותצוהו על מרדכי לדעת מה זה ועל מה זה,1
ויצא התך אל מרדכי אל רחוב העיר אשר לפני שער המלך,1
ויגד לו מרדכי את כל אשר קרהו ואת פרשת הכסף אשר אמר המן לשקול על גנזי המלך ביהודיים [ביהודים] לאבדם,1
ואת פתשגן כתב הדת אשר נתן בשושן להשמידם נתן לו להראות את אסתר ולהגיד לה ולצוות עליה לבוא אל המלך להתחנן לו ולבקש מלפניו על עמה,1
ויבוא התך ויגד לאסתר את דברי מרדכי,1
ותאמר אסתר להתך ותצוהו אל מרדכי,1
כל עבדי המלך ועם מדינות המלך יודעים אשר כל איש ואשה אשר יבוא אל המלך אל החצר הפנימית אשר לא יקרא אחת דתו להמית לבד מאשר יושיט לו המלך את שרביט הזהב וחיה ואני לא נקראתי לבוא אל המלך זה שלושים יום,1
ויגידו למרדכי את דברי אסתר,1
ויאמר מרדכי להשיב אל אסתר אל תדמי בנפשך להמלט בית המלך מכל היהודים,1
כי אם החרש תחרישי בעת הזאת רוח והצלה יעמוד ליהודים ממקום אחר ואת ובית אביך תאבדו ומי יודע אם לעת כזאת הגעת למלכות,1
ותאמר אסתר להשיב אל מרדכי,1
כמגדל דויד צוארך בנוי לתלפיות אלף המגן תלוי עליו כל שלטי הגבורים,1
שני שדיך כשני עפרים תאומי צביה הרועים בשושנים,1
עד שיפוח היום ונסו הצללים אלך לי אל הר המור ואל גבעת הלבונה,1
כלך יפה רעיתי ומום אין בך  אתי מלבנון כלה אתי מלבנון תבואי תשורי מראש אמנה מראש שניר וחרמון ממענות אריות מהררי נמרים,1
לבבתני אחתי כלה לבבתיני באחד [באחת] מעיניך באחד ענק מצורניך,1
מה יפו דדיך אחתי כלה מה טבו דדיך מיין וריח שמניך מכל בשמים,1
נפת תטפנה שפתותיך כלה דבש וחלב תחת לשונך וריח שלמתיך כריח לבנון  גן נעול אחתי כלה גל נעול מעין חתום,1
שלחיך פרדס רמונים עם פרי מגדים כפרים עם נרדים,1
נרד וכרכם קנה וקנמון עם כל עצי לבונה מר ואהלות עם כל ראשי בשמים,1
מעין גנים באר מים חיים ונזלים מן לבנון,1
עורי צפון ובואי תימן הפיחי גני יזלו בשמיו יבא דודי לגנו ויאכל פרי מגדיו,1
באתי לגני אחתי כלה אריתי מורי עם בשמי אכלתי יערי עם דבשי שתיתי ייני עם חלבי אכלו רעים שתו ושכרו דודים,1
אירוע גדול בעיצומו! עשרות נציגים מדיניים בדרך לכנס עולמי חשוב,0
קהל רב משתתף בפסטיבל תרבותי צבעוני ומרתק בעיר,0
חדשות טובות למטיילים! הפארק המים יפתח שוב את שעריו לקהל הרחב,0
חילופי ירי בגבול: צה ל דיווח על אירוע חמור ליד גדר העזה,0
סופ ש נעים בהתחממות! מזג האוויר מתקרר והרוחות על השדות עוצרות,0
האקדמיה מחפשת מדען מוכשר לתפקיד חשוב במחקר קרבי,0
האומנות בשפלה: פסטיבל אמנות גדול יופגע בעיר בקרוב,0
מחירי הדלקים יורדים: נפתחת הזדמנות חד פעמית למנהיגי המקצוע,0
הבורסה פוקדת: תאונה קטלנית בכביש מרכזי,0
יום ראשון שקט: אזרחים יכולים להשאיר את הרגליים בבית,0
קהל גדול צפוי להגיע להופעת הכוכב בהיכל התרבות,0
אובמה בישראל: ערב מרגש בבית הנשיא,0
ספורט: מפלצת הכדורסל תפגוש קבוצה חזקה במשחק השבוע,0
הפועל ניצחה בקלות: תוצאות הפתעה בליגת הכדורגל,0
התיקונים המתוכננים יפגעו בתנועת הרכב: תושבים יחפשו אלטרנטיבות,0
תיקוני השבילים: הפיתרון לבעיה של התחבורה הציבורית?,0
חוסר דלק בסטימול: תיקון לפרצה בקו הגז,0
ביקור היסטורי: נשיא מדינה נפגש עם ראש ממשלה אחר,0
יממה למזג האוויר: משפחות נמצאות בבתיהן,0
חיל הים מגייס כוחות באים נגד פרצות האוויר,0
דיווח: ילדים נלכדים ליד המגדל הגבוה בעיר,0
ביטול הופעות בגלל קורונה: יש לנו סימני שאלה,0
פסטיבל סוסים גדול בהררי: המשאית התהפכה בדרך,0
אמנות מודרנית: תערוכה מפתיעה במוזיאון,0
פרות בכביש: החיות נמצאות על גבי הכביש המרכזי,0
קבלת החלטות חשובות: הממשלה תתכנס לדיון מכריע,0
כביש ראשי חסום: תאונה גדולה במהלך היום,0
הזמן חודר: מהפך בחקלאות תגיע לקראת העתיד,0
מקרה מסעיר במתחם השקעים: התחברות לזרים לא ניתנה,0
תלמידים משתתפים בפרויקט חידושי טכנולוגיה,0
מגבלות עישון: חוק חדש עוצר את העישון במקומות ציבוריים,0
אקדמיה ישראלית מובילה: תכנית חידושים חסרת תקדים,0
מאמן ספורט מוצלח יכהן בקבוצה גדולה בעיר,0
מסע צילום חדש בין עיקרי: צוות קטן בראש ובראשונה,0
פוליטיקאים משתפים פעולה: מתווך בינהם יפתח עוני תשובה,0
סדנת בישול חדשה: הבן הצעיר בשפלה יבלה את זמנו בסדנה,0
חיפוש אחר פועל: השקף החסר עוצר את התנועה,0
אנגליה בכושר מדהים: נבחרת הכדורגל תשחק עם מגן חשוב,0
נחיתה חדשה בחלל: משימת החיפוש בוצעה בהצלחה,0
דיווח חשוב: מדען יציב תוכנית לחקיקת החוק,0
פיתוח טכנולוגי: המערכת היא לציוד חדש מדהים,0
עצירת פשע: חשוד ראשי עצר במהלך פעולה בינלאומית,0
קבלת החלטה בעליה לכח: הפועל יחתום על הסכם משמעותי,0
קורונה בפינת הפתח: הממשלה תאתר את המקום הסמוך לאירוע,0
הכינוי המעניין: נבחרת ישראל נשארת לקראת הגמר,0
דיווח קריטי: תחקור יפתח תחת המשקפת בקרוב,0
החגיגה המרשימה: ישראל תקיים אירוע גדול בהגעה של אורחים,0
מדענים מדווחים: גילוי רפואי חשוב יותר מכול,0
חיפוש מתמשך: מסיבה מסוימת יצאנו לחפש את התשובה,0
התקווה הקיימת: השמש צפויה להיכנס בקרוב,0
הגיטרה הכחולה מוגנת בציפוי יפהפה ומאירה בכוח רוח מרהיב,0
הפרח האדום המתוק והריחני מקפיץ צבע ושמחה לכל פינה בחדר,0
המקלדת האלקטרונית מציינת נקודות צבע ומשתלבת נהדר בעיצוב המודרני,0
הספה הגדולה והנוחה חובקת בחיבה ומזמינה לשעות רבות של פנאי,0
העט הארוך והדק מוכשר בכתיבה נעימה וברורה,0
הכובע השחור המתופר הוא האביזר האהוב והסטיילי שלי,0
הספר המעוצב והמרהיב קופץ לעין ברשימת הקריאות הקרובות,0
הצלחת הקרמית והפירותית נשקלת על מקלחת יפה ומעוצבת,0
הנעליים הספורטיביות בגוון כחול מעניקות נופך מרענן לכל אופציה בפארק,0
השולחן הזכוכית מאיר את הסלון ומוסיף אווירה מודרנית ואלגנטית,0
הקרמה הנעימה והטעימה משדרת את הריחות הטובים ביותר מהמטבח,0
השעון היפה והקלאסי תלוי על הקיר ומראה את הזמן בסגנון מדויק ויפה,0
האוכף המודרני והמפנק מקנה לרוכב חווית רכיבה חלומית,0
הצמיד הזהב היוקרתי משדר ברק וכיסוי יוקרטי על היד,0
הקובץ המסודר והמאורגן עוזר לי לשמור על המחשבות מסודרות ומרוכזות,0
המכונית האדומה המהירה והמדויקת תמיד עם תחושת תקציב ראשונית,0
המצלמה המקצועית היא כלי עיקרי ללכוד את הרגעים המיוחדים בסביבה,0
הכסא הגבוה והנעים מספק תמיכה נכונה לגב ולפנים,0
המחבט האיכותי והיציב מאפשר לי לשחק בטניס כל ערב,0
הקישוט הנפלא והמיוחד מתלווה אלי באירועים מיוחדים,0
הארנק הקטן והמרוכז מאפשר לי לשמור על הכסף והכרטיסים בקלות,0
העטים הצבעוניים והחמים נותנים לי את הרגשה של יצירתיות וחדות דעת,0
הספריה המפוארת והמקסימה מזמינה אותי לשבת בה ולקרוא,0
הקערה העגולה והכדורית פותחת את האפשרויות ליצירתיות במטבח,0
האביזר המתוק והקטן כיסה את הפרטים הקטנים והמרגשים ביותר,0
המשקולות הכבדים והמגוונים מאפשרים לי לאמץ את הגוף באופן מאוזן,0
הנעליים האופנתיות והנוחות הן הבחירה המושלמת לשימוש היום יומי,0
הארנק הקלאסי והנועז מראה את האופי הייחודי שלי,0
הכדורגל הרטוב והצהוב מקפיץ ומביא שידור חי לכל משחק,0
העגלה האיכותית והפרקטית מקלה עלי ועל הילדים בכל סופ ש,0
הקיסריה האנטיקה והמרהיבה מתרחשת בלבב כל אוהבי ההיסטוריה,0
המסע המרגש והארוך לחו ל מצפה לי בעתיד הקרוב,0
התיק השחור הנוח והאיכותי נותן לי את האפשרות לשאת את כל החפצים החשובים,0
הכרית הכוחנית והמוכנה למגע היא הבחירה הטובה ביותר לשינה,0
האוהל הקטן והקל משדר נופש מושלם בטבע,0
האופנה הצעירה והצבעונית משתלבת מעולה עם האופי המעורר שלי,0
השמלה הארוכה והמפוארת משדרת רומנטיקה וחשק לכל אירוע,0
הבקבוק הפקקי והכמיך עם המשקה הקר הוא בחירה האידיאלית לקיץ,0
הסלולר החדש והמתקדם מאפשר לי להיות מחובר בכל זמן ובכל מקום,0
המחבט המסודר והאיכותי מפתיע בכוחו ובניהול המשחק,0
הטבלה הצבעונית והכפולה מקנה לקיר ייחודיות מרהיבה,0
הארנק הפרקטי והנוח כולל מקום לכרטיסים ולכסף,0
הכיסא המסתובב הוא חלק מהעיצוב המודרני של המשרד,0
הטלוויזיה המקובלת והמתקדמת משדרת שידורים באיכות גבוהה,0
הטלפון הנייד החדש והמתקדם מאפשר לי להיות מקושר לכל הזמן,0
הספרייה המרהיבה והגדולה כוללת רשימת קריאות איכותית,0
הנעליים הספורטיביות השחורות מתאימות לכל פעילות באוויר הפתוח,0
העגילים הזוגיים והמסודרים מספקים לי מראה מעניין ומושקע,0
הפלאפון החדש והקטן מגיע עם ממשק מודרני ואיכות סאונד גבוהה,0
הקומפיוטר המהיר והאיכותי מתאים לכל צורך בעבודה ובפנאי,0
מותחן מתוחזק הסתערות וקרבות מסעירים תוך מאבק לגילוי האמת האמיתית,0
סיפור מרגש של אהבה בין זוג צעיר שבמהלך הזמן עובר דרמטית ומרתק,0
פנטזיה אפייתית עם דמויות קסומות ומסעות מפתיעים לעולמות אחרים,0
סרט מצחיק וקליל שמתאר את המטרות הגבוהות וההתעקשות להשגתן,0
רומן פסיכולוגי המחקה את גבולות המוח והתחושות האנושיות,0
סרט דרמה מרגש שמתאר את הקשיים והאתגרים בניהול חיי פרטיים ועסקיים,0
תרבות מוזיקלית עשירה שמשקפת את ההשפעה של מוזיקה על חיי האדם,0
ספר אימה המספר על מסתורים בית עתיק ורחובות מפחידים בעיר,0
סרט אנימציה שמגלה עולם קסום ופנטסטי של מקומות ומפלצות,0
דיאלוגים משובחים והומור עשיר שבטון מסע בלתי נשכח בזמן ובמקום,0
סרט אקשן דינמי עם הרפתקאות מרדף וקרבות אדריכליות,0
רומן המתאר את עולם הפוליטיקה והכוח בדמיון ומרתק,0
סרט קומדי שמביא חיוך על פנים בכל פעם שמופעל,0
מותחן מסתורי הפולש לשכונה כדי לגלות את הרקע האמיתי של רצח פוליטי,0
רומן רומנטי מרגש עם דמויות אהובות שמתמודדות עם אתגרי החיים,0
סרט פעולה מרגש המשדר תחושת אדרנלין ומתח לקהל,0
דרמה חברתית המתארת את התמודדות האדם עם בעיותיו הפנימיות,0
סרט מדע בדיוני המציג עולמות חדשים וטכנולוגיות מתקדמות,0
סיפור משעשע ואופטימי עם מסר חברתי מעורר השראה,0
דרמה פוליטית מורכבת ומרתקת עם תצפיות ומעין בפרקים חדשים,0
סרט מסתורין המקנה לקוחותיו חשיבות גדולה לפרטים הקטנים,0
רומן המתאר תקופה היסטורית מוזרה ומרתקת,0
סרט רגשי שמתעסק בנושאים של אהבה אבקה ואבולוציה,0
סיפור מופתי על יחסי ידידות יקרות ונאמנות אמיצה,0
סרט מוזיקלי עם סיפור מרגש ומוזיקה יצירתית,0
דרמה רגשית עם מעברים נפשיים עמוקים ומשמעותיים,0
סרט רומנטי המתרחש בתקופה ההיסטורית הקרבית,0
פנטזיה מסתורית המעסיקה את הדמיונות והחלומות,0
דרמה משפחתית עמוקה עם קשיים וטעויות נפש,0
סרט אומגה-3 המסביר את היתרונות של המזון הבריא,0
פילוסופיה מרתקת המגלה תחושות עמוקות ואמיתיות,0
קומדיה מוסרית המשנה דרך רואה את העולם,0
סרט אימה עם מופתי תחושות חשש וחידות,0
סרט מדע בדיוני המתאר עתיד אלטרנטיבי,0
רומן המתאר סיפור נאהבות במקום האהוב ביותר,0
דרמה רפואית המתארת את המאבק למען תקווה,0
סרט אנימציה חמוד וקורע לב,0
פילמוגרפיה מרתקת המספרת את הסיפור האמיתי של דמיון וחלום,0
סרט אקשן קצבי ומרגש עם המון קרבות,0
דרמה חברתית סוחפת עם הודעה חשובה,0
רומן אהבה המעסיק תחושות של אהבה תשוקה ונאמנות,0
סרט אימה פסיכולוגי המשדר פחד ואדרנלין,0
פנטזיה נותנת תחושת קסם והרפתקה,0
דרמה פוליטית עם ידיעות עיתונאיות חשובות,0
סרט רומנטי המתרחש באגם קסום במרכזו של העין,0
קומדיה רומנטית המפנקת את הקהל עם צחוק עצמי,0
דרמה מרגשת המתארת את חיי האהבה המסובכים,0
סרט אקשן ירי וקרבות מפתיעים,0
דרמה משפחתית המתארת את הקשיים של נושא ההתערבות המפגרת,0
סרט תיעודי המספר את הסיפור האמיתי של אירוע דרמטי בהיסטוריה,0
פסיכולוגיה: המדע שמתעסק בחקר התנהגות ותהליכי חשיבה המשפיעים על רגשות ותחושות,0
תנ ך: ספרי הכתובים הקדושים המכילים את המקרא העברי,0
דמוקרטיה: סדרת ערכים ומערכת פוליטית המבוססת על שלטון העם,0
אנטרופיה: מונח פיזיקלי המתאר עליית ערך הבלאי,0
אלכוהוליזם: תופעה חברתית ורפואית הנגזרת מהתמכרות לאלכוהול,0
חיפושיות: תכונת מנועי חיפוש באינטרנט לסינון תוצאות רלוונטיות,0
סודה לשתייה: מרכיב כימי בהיסטוריה האנושית להחלפת חומצות בגוף,0
רביעיית הבייטובן: מערכת קוד דו־שונאית מופשטת במחשבים,0
חלל: האזור שמעבר לאטמוספירה בסביבת הכדור הארץ,0
תפריט פופ-אפ: תפריט בגרפיקת ממשק עם אפשרויות מזמינות בעלי פעל,0
נקמה: התגובה הרגשית להורג כתוצאה מפרת חוק,0
עצמאות: היכולת לפעול ולקבל החלטות באופן עצמאי,0
חיימשפחתיים: מונח ביולוגי המתאר את קבוצת המינים בהם מתחייב האחיזה,0
ערבית: שפה סמית פועלת דוקליט בעולם,0
קמפיין פוליטי: תהליך יצירתי של השקעת מסרים פוליטיים,0
דמוקרטיה ליברלית: פוליטיקה עקבית של קידום זכויות האדם והמשפטיות,0
עיבוד אות: שיטת הקלטת והפעלת אותות סביבניים כחלק ממערכת תקשורת,0
מסודות: עיסוי בריאותי במיטה לטיפוח של רגשות ופיזיות,0
ריקוד מודרני: ז'אנר ריקוד אמנותי עכשווי,0
גלאון: דיווח עיתונאי קטן שאובחן בעיקר כלקוח מקור ידע לקוראיו,0
ספר: עיטור פרוזה ופילוסופיה בצורת הדפוס,0
ציפורן: מבנה עצם השומר על תמיכה וממנון לגרירת רכב,0
דיפלומטיה: יכולת להוביל מדיניות חו לית בדיפלומטיה ומודיעינית,0
אנדרואיד: מערכת הפעלה מבוססת על לינוקס למכשירי ניידים,0
אמפיתיאטרון: אולם קונצרטים באוויר הפתוח,0
טבעת: מגנט שמזהה את המיקום בעולם הטבעי,0
סיבים תזונתיים: חומרים עם ערך תזונתי באוכל,0
אלבום מוזיקה: קובץ של יצירות מוזיקליות,0
דיאטה צמחונית: תזונה ללא השימוש במוצרים בעלי חיים,0
מערכת השפעת כדור הארץ: תהליך גאופיזי שמגדיר את תנאי החיים,0
תכנות: יצירת תוכניות בכלים ובשפות תכנות,0
גוגל: מנוע חיפוש נפוץ בעולם,0
גנטיקה: תחום הביולוגי שמתעסק בחקר השינויים בנושא חיי היצורים,0
מתמטיקה: תחום המדד ומודל פיזיקלי,0
טניס: משחק בין שני שחקנים עם מקלע ותחרות בכדור,0
מוזיאון: מוסד תרבותי לתצוגה של עבר ועתיד האדם,0
חשמל: נושא בפיזיקה שמתעסק בטעינות חשמליות,0
קריקט: משחק בכדור גם עם השתתפות פגועים וגוף בנאדם,0
קומיקס: מאייר שיצר סדרה של יצירות רבות,0
פרסומת: תכניות מסחריות שמיועדות לשיווק כלי חיצוני ומוצר צידולי,0
רובוטיקה: מסדר רובוטים בתחום הטכנולוגיה,0
מדיה חברתית: תקשורת ממומנת של קהל גורם,0
סמינר: פגישה מקצועית עם נושא מסוים,0
ספרות: כתבים מופשטים בעולם,0
פילוסופיה: קבלת משמעות העולם החידוש והאינטלקטואליזם,0
רקע תרבותי: רקע מכונה בהגדרת תרבות,0
פסיכואנליזה: תחום הפילוסופי של פרסון קלוג בטיפול פסיכואנליטי,0
תנועה חברתית: פעולה מדינית ופוליטית לאיחוד האוכלוסיה סביב מטרות ספציפיות,0
תקשורת פוליטית: תקשורת ציבורית בפוליטיקה ופרסומת,0
פוליטיקה פליטית: תחום הפעולה של פוליטיקה בעקבות שלטון מקומי ולאומי,0
 הצג אותי לאדם והוא יכיר אותי,0 
 יש מצב ביומך,0 
 התותח של הגבר הוא מתחת ללשון שלו,0 
 לכל פגז יש אח שלם,0 
 משאית תמיד עוזרת למחבל,0 
 לטעמי האינסוף רק מתקרר,0 
 זמן ממלך ושטן,0 
 זמן זהב,0 
 אהבה זה אחר,0 
 הכוח הוא התשוקה לשלט על השני,0 
 הדבר הכי חשוב בחיים הוא לא להפסיק לשאוב,0 
 גבור הוא מי שמתגבר על יצרו,0 
 האמת רגילה השקר מפליץ,0 
 מי שאומר שהכסף אינו מכריע הכל לעיתים קרובות נכון עם הכסף יכול לקנות הכל,0 
 כשאתה בא לעזור לאחרים אתה מעזור גם לעצמך,0 
 ההצלחה היא אינסטינקט חי,0 
 התועלת הכי חשובה היא שלא עושים הזמן קצר,0 
 ברק התחלה הוא רק חצי הכל,0 
 כשאתה נופל אתה לא נופל אחורה אתה נופל קדימה,0 
 יש לי אותה עצלות רק עכשיו בהסבר,0 
 לא כל מי שצוחק על פניו מאושר,0 
 במותו הכל נושא הכל חשיב,0 
 יש לי סוף סוף זמן גם לצעירים,0 
 מחוץ לארץ ישנם כמה אבירים מדליקים חופשיים,0 
 אין אדם שישן כמו זקן,0 
 החיים קצרים תעזור לך בעצמך,0 
 גדלתי עם מחשבה החשבון עוברת בראש,0 
 יש לי קטעים כשאני מדבר לקוראים שלי,0 
 האנשים לא ממתינים לאיש אימפרטנט,0 
 הרגשתי כמו מי שזה אני,0 
 בהתחלה לא הייתי יודע שיש קצה לעולם,0 
 בשביל העתיד לעצור את הרגע,0 
 הצלחה זה ללכת מיכאל בראון,0 
 קשה להיות קליל,0 
 החלמה זו הבראת עצמי,0 
 החיים הם מסע,0 
 כשאתה יודע שמסתיימים העניינים אתה יודע שהכל כלום,0 
 כשאני נפגש באוהדים אני שמח שאני הולך לאימונים,0 
 למה לקדש את הזמן לדעות של חלוקה?,0 
 הכי קשה זה להתמודד עם הקוד שלך,0 
 העיקר הוא להגיע לזה מה שזה,0 
 למי שיש יש,0 
 ההצלחה היא להגיע לזה,0 
 כשכולם דואגים לזה זה לא דבר רגיל,0 
 אין מה לעשות יש מקום לבדוק עצמי,0 
 קריאה זו היכולת להתמודד עם ההתמודדות,0 
 יש מה ללמוד מכל דבר,0 
 היכולת לשמוע את הצד השני היא היכולת להתמודד עם דברים,0 
 כשמעמיקים בנושא היהודי גם המוח עם הציון הגבוה,0 
 היכולת להיות חזק זה עוזר בהרבה,0
 קפה מאפה מרק ירקות שומשום וקמח חיטה,0
 בקבוק מים מלא עד גדותיו בשתייה חריפה וטעימה,0
 איש חסיד היה בלי מזון ומחיה,0
 מנוחה ושמחה אור ליהודים יום שבתון יום מחמדים,0
 שומריו וזוכריו המה מעידים כי לשישה קרואים ועומדים,0
והנה נשליך כעת את מעשה החכם ונתחיל לספר במעשה התם,0
עוד יהיה זמן שמי שיהיה איש כשר פשוט יהיה חידוש גדול כמו הבעל שם טוב,0
ונסע עמם ושמש אותם היטב מאד על הדרך בבואו לווארשא מאחר שהיה בר הבנה,0
למנצח על שושן עדות מכתם לדוד ללמד,1
בהצותו את ארם נהרים ואת ארם צובה וישב יואב ויך את אדום בגיא מלח שנים עשר אלף,1
אלהים זנחתנו פרצתנו אנפת תשובב לנו,1
הרעשתה ארץ פצמתה רפה שבריה כי מטה,1
הראיתה עמך קשה השקיתנו יין תרעלה,1
נתתה ליראיך נס להתנוסס מפני קשט סלה,1
למען יחלצון ידידיך הושיעה ימינך וענני,1
אלהים דבר בקדשו אעלזה אחלקה שכם ועמק סכות אמדד,1
לי גלעד ולי מנשה ואפרים מעוז ראשי יהודה מחקקי,1
מואב סיר רחצי על אדום אשליך נעלי עלי פלשת התרעעי,1
מי יבלני עיר מצור מי נחני עד אדום,1
הלא אתה אלהים זנחתנו ולא תצא אלהים בצבאותינו,1
הבה לנו עזרת מצר ושוא תשועת אדם,1
באלהים נעשה חיל והוא יבוס צרינו,1
כלומר לגלות מה משפט מסוים של הרב קוק אומר לאדם פלוני ומה נשאר בלבו מקריאת קטע כזה או אחר,0
חוסר היכולת לבדוק הבנה של טכסטים מסוג זה על ידי מבחן מהסוג הרגיל עלול ליצור בעיה קשה,0
אני מאמן מודל בינה מלאכותית שאמור לזהות האם טקסט מסויים הוא מהתנך או שהוא משפט סתמי,0
במאורה של בני משפחת ז'ונדט דלק אור,0
בגלל מזג האוויר שבחוץ הוא יבוא בכרכרה סגורה,0
מעניין היה לראות באיזה להט הביט האיש החולה שנמנע ממנו כל שינוי תנוחה מלבד הפניית ראשו מצד לצד בכל תזוזה של חברו במהלך המשחק,0
למרגלות לאדגֵייט היל סטה קצת מן הדרך כדי לספק את סקרנותו ולהעיף מבט בניוגייט,0
הנוסעים באוטובוס כמעט כולם חרדים אבל למפגינים לא אכפת,0
כדי למצוא תשובה לשאלה האינטליגנטית הזאת שצצה לי בכל יום מדי שעתיים בממוצע,0
הרבי שוהה כאן לימים ספורים למנוחה נחוצה אחרי החג ובנסיבות האלה אולי באמת עדיף מקום קטן ומבודד,0
נדרשת זהירות גדולה כאשר מבקשים ללמוד מהפנטזיה על הריאליה,0
הסיפורים היהודיים לעומתם אופיינו בקיפאון בתקיעות מעגלית לא פתורה. מתי מדבר רדומים-מאובנים,0
הר סיני מוקף במחיצה אימתנית ובת הקול יוצאת ממנו ומבקשת שיתירו אותה מכלא שבועתה,0
איש אחד הלך ברחוב,0
יום אחד הלך ברחוב איש אחד ששמו קיש,0